timestamp,elapsed_s,profile,state,cpu_raw_c,gpu_raw_c,nvidia_power_draw_w,nvidia_power_limit_w,ir_raw_c,acpi_raw_c,cpu_ewma_c,gpu_ewma_c,ir_ewma_c,acpi_ewma_c,hottest_control_c,curve_source,winning_sensor,cpu_target_percent,gpu_target_percent,ir_target_percent,acpi_target_percent,requested_pwm,requested_percent,actual_mode,actual_pwm,fan1_rpm,fan2_rpm,note
2026-09-06T22:28:14+03:00,0.1,performance,bios-auto,53.4,48.0,7.6,,41.0,,53.4,48.0,41.0,,53.4,hp-vibrance-stx-n22x9-performance,,,,,,,,2,0,0,0,
2026-09-06T22:28:15+03:00,1.2,performance,bios-auto,52.6,48.0,7.7,,41.0,,53.3,48.0,41.0,,53.3,hp-vibrance-stx-n22x9-performance,,,,,,,,2,0,0,0,
2026-09-06T22:28:16+03:00,2.3,performance,bios-auto,52.2,48.0,7.7,,41.0,,53.3,48.0,41.0,,53.3,hp-vibrance-stx-n22x9-performance,,,,,,,,2,0,0,0,
2026-09-06T22:28:17+03:00,3.4,performance,bios-auto,56.5,48.0,7.5,,41.0,,53.6,48.0,41.0,,53.6,hp-vibrance-stx-n22x9-performance,,,,,,,,2,0,0,0,
2026-09-06T22:28:18+03:00,4.6,performance,manual,65.2,50.0,7.6,,41.0,,54.8,48.2,41.0,,65.2,hp-vibrance-stx-n22x9-performance,cpu,33.3,31.7,31.7,,85,33.3,1,0,0,0,
2026-09-06T22:28:19+03:00,5.7,performance,manual,70.8,51.0,7.2,,41.0,,56.4,48.5,41.0,,70.8,hp-vibrance-stx-n22x9-performance,cpu,35.0,31.7,31.7,,89,34.9,1,0,0,0,
2026-09-06T22:28:20+03:00,6.8,performance,manual,75.2,54.0,7.3,,41.0,,58.3,49.0,41.0,,75.2,hp-vibrance-stx-n22x9-performance,cpu,38.3,31.7,31.7,,98,38.4,1,0,0,0,
2026-09-06T22:28:21+03:00,7.9,performance,manual,80.8,55.0,7.3,,41.0,,60.5,49.6,41.0,,80.8,hp-vibrance-stx-n22x9-performance,cpu,51.7,31.7,31.7,,132,51.8,1,51,1200,1200,
2026-09-06T22:28:22+03:00,9.1,performance,manual,82.6,53.0,7.4,,41.0,,62.7,50.0,41.0,,82.6,hp-vibrance-stx-n22x9-performance,cpu,56.7,31.7,31.7,,144,56.5,1,72,1700,1700,
2026-09-06T22:28:24+03:00,10.2,performance,manual,83.5,54.0,7.3,,41.0,,64.8,50.4,41.0,,83.5,hp-vibrance-stx-n22x9-performance,cpu,61.7,31.7,31.7,,157,61.6,1,85,2000,2100,
2026-09-06T22:28:25+03:00,11.3,performance,manual,84.1,56.0,7.6,,41.0,,66.7,50.9,41.0,,84.1,hp-vibrance-stx-n22x9-performance,cpu,71.7,31.7,31.7,,183,71.8,1,106,2500,2500,
2026-09-06T22:28:26+03:00,12.4,performance,manual,84.5,55.0,7.5,,41.0,,68.5,51.3,41.0,,84.5,hp-vibrance-stx-n22x9-performance,cpu,71.7,31.7,31.7,,183,71.8,1,119,2800,2800,
2026-09-06T22:28:27+03:00,13.5,performance,manual,84.6,56.0,7.5,,41.0,,70.1,51.8,41.0,,84.6,hp-vibrance-stx-n22x9-performance,cpu,71.7,31.7,31.7,,183,71.8,1,131,3100,3200,
2026-09-06T22:28:28+03:00,14.6,performance,manual,84.8,55.0,7.3,,41.0,,71.6,52.1,41.0,,84.8,hp-vibrance-stx-n22x9-performance,cpu,71.7,31.7,31.7,,183,71.8,1,148,3500,3500,
2026-09-06T22:28:29+03:00,15.6,performance,manual,84.9,56.0,7.2,,41.0,,72.9,52.5,41.0,,84.9,hp-vibrance-stx-n22x9-performance,cpu,71.7,31.7,31.7,,183,71.8,1,161,3800,3800,
2026-09-06T22:28:30+03:00,16.7,performance,manual,84.8,55.0,7.3,,41.0,,74.1,52.8,41.0,,84.8,hp-vibrance-stx-n22x9-performance,cpu,71.7,31.7,31.7,,183,71.8,1,174,4100,4100,
2026-09-06T22:28:31+03:00,17.8,performance,manual,84.8,56.0,7.1,,41.0,,75.2,53.1,41.0,,84.8,hp-vibrance-stx-n22x9-performance,cpu,71.7,31.7,31.7,,183,71.8,1,178,4200,4400,
2026-09-06T22:28:32+03:00,18.9,performance,manual,84.6,55.0,7.3,,41.0,,76.1,53.3,41.0,,84.6,hp-vibrance-stx-n22x9-performance,cpu,71.7,31.7,31.7,,183,71.8,1,178,4200,4400,
2026-09-06T22:28:33+03:00,20.0,performance,manual,84.6,56.0,7.3,,41.0,,77.0,53.5,41.0,,84.6,hp-vibrance-stx-n22x9-performance,cpu,71.7,31.7,31.7,,183,71.8,1,178,4200,4400,
2026-09-06T22:28:34+03:00,21.1,performance,manual,84.6,55.0,7.3,,41.0,,77.7,53.7,41.0,,84.6,hp-vibrance-stx-n22x9-performance,cpu,71.7,31.7,31.7,,183,71.8,1,178,4200,4400,
2026-09-06T22:28:36+03:00,22.1,performance,manual,84.6,55.0,7.2,,41.0,,78.4,53.8,41.0,,84.6,hp-vibrance-stx-n22x9-performance,cpu,71.7,31.7,31.7,,183,71.8,1,178,4200,4400,
2026-09-06T22:28:37+03:00,23.2,performance,manual,84.9,56.0,7.3,,41.0,,79.1,54.0,41.0,,84.9,hp-vibrance-stx-n22x9-performance,cpu,71.7,31.7,31.7,,183,71.8,1,178,4200,4400,
2026-09-06T22:28:38+03:00,24.3,performance,manual,85.0,55.0,7.3,,41.0,,79.7,54.1,41.0,,85.0,hp-vibrance-stx-n22x9-performance,cpu,78.3,31.7,31.7,,200,78.4,1,178,4200,4400,
2026-09-06T22:28:39+03:00,25.5,performance,manual,84.9,56.0,7.3,,41.0,,80.2,54.3,41.0,,84.9,hp-vibrance-stx-n22x9-performance,cpu,78.3,31.7,31.7,,200,78.4,1,191,4500,4600,
2026-09-06T22:28:40+03:00,26.5,performance,manual,85.2,56.0,7.3,,41.0,,80.7,54.5,41.0,,85.2,hp-vibrance-stx-n22x9-performance,cpu,78.3,31.7,31.7,,200,78.4,1,195,4600,4800,
2026-09-06T22:28:41+03:00,27.6,performance,manual,85.2,55.0,7.3,,40.0,,81.1,54.5,40.9,,85.2,hp-vibrance-stx-n22x9-performance,cpu,78.3,31.7,31.7,,200,78.4,1,195,4600,4800,
2026-09-06T22:28:42+03:00,28.7,performance,manual,85.1,55.0,7.4,,40.0,,81.5,54.6,40.9,,85.1,hp-vibrance-stx-n22x9-performance,cpu,78.3,31.7,31.7,,200,78.4,1,195,4600,4800,
2026-09-06T22:28:43+03:00,29.8,performance,manual,85.1,56.0,7.3,,40.0,,81.9,54.7,40.9,,85.1,hp-vibrance-stx-n22x9-performance,cpu,78.3,31.7,31.7,,200,78.4,1,195,4600,4800,
2026-09-06T22:28:44+03:00,30.9,performance,manual,85.0,55.0,7.2,,40.0,,82.2,54.8,40.8,,85.0,hp-vibrance-stx-n22x9-performance,cpu,78.3,31.7,31.7,,200,78.4,1,195,4600,4800,
2026-09-06T22:28:45+03:00,32.0,performance,manual,84.8,56.0,7.3,,40.0,,82.5,54.9,40.8,,84.8,hp-vibrance-stx-n22x9-performance,cpu,78.3,31.7,31.7,,200,78.4,1,195,4600,4800,
2026-09-06T22:28:46+03:00,33.0,performance,manual,84.6,55.0,7.3,,40.0,,82.7,54.9,40.7,,84.6,hp-vibrance-stx-n22x9-performance,cpu,78.3,31.7,31.7,,200,78.4,1,195,4600,4800,
2026-09-06T22:28:48+03:00,34.1,performance,manual,84.5,55.0,7.3,,40.0,,82.9,54.9,40.7,,84.5,hp-vibrance-stx-n22x9-performance,cpu,78.3,31.7,31.7,,200,78.4,1,195,4600,4800,
2026-09-06T22:28:49+03:00,35.2,performance,manual,84.6,55.0,7.3,,40.0,,83.0,54.9,40.7,,84.6,hp-vibrance-stx-n22x9-performance,cpu,78.3,31.7,31.7,,200,78.4,1,195,4600,4800,
2026-09-06T22:28:50+03:00,36.3,performance,manual,84.6,56.0,7.2,,40.0,,83.2,55.0,40.6,,84.6,hp-vibrance-stx-n22x9-performance,cpu,78.3,31.7,31.7,,200,78.4,1,195,4600,4800,
2026-09-06T22:28:51+03:00,37.4,performance,manual,84.8,55.0,7.2,,40.0,,83.4,55.0,40.6,,84.8,hp-vibrance-stx-n22x9-performance,cpu,78.3,31.7,31.7,,200,78.4,1,195,4600,4800,
2026-09-06T22:28:52+03:00,38.5,performance,manual,84.8,55.0,7.2,,40.0,,83.5,55.0,40.6,,84.8,hp-vibrance-stx-n22x9-performance,cpu,78.3,31.7,31.7,,200,78.4,1,195,4600,4800,
2026-09-06T22:28:53+03:00,39.6,performance,manual,85.0,55.0,7.2,,40.0,,83.6,55.0,40.5,,85.0,hp-vibrance-stx-n22x9-performance,cpu,78.3,31.7,31.7,,200,78.4,1,195,4600,4800,
2026-09-06T22:28:54+03:00,40.6,performance,manual,84.6,55.0,7.2,,40.0,,83.7,55.0,40.5,,84.6,hp-vibrance-stx-n22x9-performance,cpu,78.3,31.7,31.7,,200,78.4,1,195,4600,4800,
2026-09-06T22:28:55+03:00,41.7,performance,manual,84.6,55.0,7.2,,40.0,,83.8,55.0,40.5,,84.6,hp-vibrance-stx-n22x9-performance,cpu,78.3,31.7,31.7,,200,78.4,1,195,4600,4800,
2026-09-06T22:28:56+03:00,42.8,performance,manual,84.5,55.0,7.1,,40.0,,83.9,55.0,40.5,,84.5,hp-vibrance-stx-n22x9-performance,cpu,78.3,31.7,31.7,,200,78.4,1,195,4600,4800,
2026-09-06T22:28:57+03:00,43.9,performance,manual,84.4,55.0,7.3,,40.0,,83.9,55.0,40.4,,84.4,hp-vibrance-stx-n22x9-performance,cpu,78.3,31.7,31.7,,200,78.4,1,195,4600,4800,
2026-09-06T22:28:58+03:00,45.0,performance,manual,84.4,55.0,7.3,,40.0,,84.0,55.0,40.4,,84.4,hp-vibrance-stx-n22x9-performance,cpu,78.3,31.7,31.7,,200,78.4,1,195,4600,4800,
2026-09-06T22:28:59+03:00,46.1,performance,manual,84.2,55.0,7.3,,40.0,,84.0,55.0,40.4,,84.2,hp-vibrance-stx-n22x9-performance,cpu,78.3,31.7,31.7,,200,78.4,1,195,4600,4800,
2026-09-06T22:29:01+03:00,47.1,performance,manual,84.0,55.0,7.3,,40.0,,84.0,55.0,40.4,,84.0,hp-vibrance-stx-n22x9-performance,cpu,78.3,31.7,31.7,,200,78.4,1,195,4600,4800,
2026-09-06T22:29:02+03:00,48.2,performance,manual,84.0,55.0,7.3,,40.0,,84.0,55.0,40.4,,84.0,hp-vibrance-stx-n22x9-performance,cpu,78.3,31.7,31.7,,200,78.4,1,195,4600,4800,
2026-09-06T22:29:03+03:00,49.3,performance,manual,84.1,55.0,7.3,,40.0,,84.0,55.0,40.3,,84.1,hp-vibrance-stx-n22x9-performance,cpu,78.3,31.7,31.7,,200,78.4,1,195,4600,4800,
2026-09-06T22:29:04+03:00,50.4,performance,manual,84.0,55.0,7.3,,40.0,,84.0,55.0,40.3,,84.0,hp-vibrance-stx-n22x9-performance,cpu,78.3,31.7,31.7,,200,78.4,1,195,4600,4800,
2026-09-06T22:29:05+03:00,51.5,performance,manual,84.1,54.0,7.3,,40.0,,84.0,55.0,40.3,,84.1,hp-vibrance-stx-n22x9-performance,cpu,78.3,31.7,31.7,,200,78.4,1,195,4600,4800,
2026-09-06T22:29:06+03:00,52.6,performance,manual,84.2,56.0,7.3,,40.0,,84.1,55.1,40.3,,84.2,hp-vibrance-stx-n22x9-performance,cpu,78.3,31.7,31.7,,200,78.4,1,195,4600,4800,
2026-09-06T22:29:07+03:00,53.7,performance,manual,84.2,55.0,7.4,,40.0,,84.1,55.1,40.3,,84.2,hp-vibrance-stx-n22x9-performance,cpu,78.3,31.7,31.7,,200,78.4,1,195,4600,4800,
2026-09-06T22:29:08+03:00,54.8,performance,manual,84.1,55.0,7.1,,40.0,,84.1,55.1,40.3,,84.1,hp-vibrance-stx-n22x9-performance,cpu,78.3,31.7,31.7,,200,78.4,1,195,4600,4800,
2026-09-06T22:29:09+03:00,55.8,performance,manual,84.0,54.0,7.2,,40.0,,84.1,55.0,40.3,,84.1,hp-vibrance-stx-n22x9-performance,cpu,78.3,31.7,31.7,,200,78.4,1,195,4600,4800,
2026-09-06T22:29:10+03:00,56.9,performance,manual,84.0,55.0,7.2,,39.0,,84.1,55.0,40.2,,84.1,hp-vibrance-stx-n22x9-performance,cpu,78.3,31.7,31.7,,200,78.4,1,195,4600,4800,
2026-09-06T22:29:11+03:00,58.0,performance,manual,84.0,56.0,7.1,,39.0,,84.1,55.1,40.1,,84.1,hp-vibrance-stx-n22x9-performance,cpu,78.3,31.7,31.7,,200,78.4,1,195,4600,4800,
2026-09-06T22:29:12+03:00,59.1,performance,manual,84.1,54.0,7.3,,39.0,,84.1,55.0,40.1,,84.1,hp-vibrance-stx-n22x9-performance,cpu,78.3,31.7,31.7,,200,78.4,1,195,4600,4800,
2026-09-06T22:29:14+03:00,60.2,performance,manual,84.1,55.0,7.2,,39.0,,84.1,55.0,40.0,,84.1,hp-vibrance-stx-n22x9-performance,cpu,78.3,31.7,31.7,,200,78.4,1,195,4600,4800,
2026-09-06T22:29:15+03:00,61.3,performance,manual,84.1,55.0,7.3,,39.0,,84.1,55.0,40.0,,84.1,hp-vibrance-stx-n22x9-performance,cpu,78.3,31.7,31.7,,200,78.4,1,195,4600,4800,
2026-09-06T22:29:16+03:00,62.3,performance,manual,84.1,55.0,7.2,,39.0,,84.1,55.0,39.9,,84.1,hp-vibrance-stx-n22x9-performance,cpu,78.3,31.7,31.7,,200,78.4,1,195,4600,4800,
2026-09-06T22:29:17+03:00,63.4,performance,manual,84.2,55.0,7.3,,39.0,,84.1,55.0,39.9,,84.2,hp-vibrance-stx-n22x9-performance,cpu,78.3,31.7,31.7,,200,78.4,1,195,4600,4800,
2026-09-06T22:29:18+03:00,64.5,performance,manual,84.1,55.0,7.3,,39.0,,84.1,55.0,39.8,,84.1,hp-vibrance-stx-n22x9-performance,cpu,78.3,31.7,31.7,,200,78.4,1,195,4600,4800,
2026-09-06T22:29:19+03:00,65.6,performance,manual,84.5,54.0,7.3,,39.0,,84.1,55.0,39.8,,84.5,hp-vibrance-stx-n22x9-performance,cpu,78.3,31.7,31.7,,200,78.4,1,195,4600,4800,
2026-09-06T22:29:20+03:00,66.7,performance,manual,84.2,53.0,7.3,,39.0,,84.2,54.9,39.7,,84.2,hp-vibrance-stx-n22x9-performance,cpu,78.3,31.7,31.7,,200,78.4,1,195,4600,4800,
2026-09-06T22:29:21+03:00,67.8,performance,manual,84.1,55.0,7.2,,39.0,,84.2,54.9,39.7,,84.2,hp-vibrance-stx-n22x9-performance,cpu,78.3,31.7,31.7,,200,78.4,1,195,4600,4800,
2026-09-06T22:29:22+03:00,68.8,performance,manual,84.1,55.0,7.2,,39.0,,84.2,54.9,39.7,,84.2,hp-vibrance-stx-n22x9-performance,cpu,78.3,31.7,31.7,,200,78.4,1,195,4600,4800,
2026-09-06T22:29:23+03:00,69.9,performance,manual,84.0,54.0,7.3,,39.0,,84.1,54.9,39.6,,84.1,hp-vibrance-stx-n22x9-performance,cpu,78.3,31.7,31.7,,200,78.4,1,195,4600,4800,
2026-09-06T22:29:24+03:00,71.0,performance,manual,83.8,54.0,7.2,,39.0,,84.1,54.8,39.6,,84.1,hp-vibrance-stx-n22x9-performance,cpu,78.3,31.7,31.7,,200,78.4,1,195,4600,4800,
2026-09-06T22:29:25+03:00,72.1,performance,manual,83.9,55.0,7.3,,39.0,,84.1,54.8,39.6,,84.1,hp-vibrance-stx-n22x9-performance,cpu,78.3,31.7,31.7,,200,78.4,1,195,4600,4800,
2026-09-06T22:29:27+03:00,73.2,performance,manual,83.5,53.0,7.2,,39.0,,84.1,54.7,39.6,,84.1,hp-vibrance-stx-n22x9-performance,cpu,78.3,31.7,31.7,,200,78.4,1,195,4600,4800,
2026-09-06T22:29:28+03:00,74.3,performance,manual,83.6,54.0,7.3,,39.0,,84.1,54.7,39.5,,84.1,hp-vibrance-stx-n22x9-performance,cpu,78.3,31.7,31.7,,200,78.4,1,195,4600,4800,
2026-09-06T22:29:29+03:00,75.4,performance,manual,83.8,55.0,7.2,,39.0,,84.0,54.7,39.5,,84.0,hp-vibrance-stx-n22x9-performance,cpu,78.3,31.7,31.7,,200,78.4,1,195,4600,4800,
2026-09-06T22:29:30+03:00,76.4,performance,manual,83.9,54.0,7.1,,39.0,,84.0,54.7,39.5,,84.0,hp-vibrance-stx-n22x9-performance,cpu,78.3,31.7,31.7,,200,78.4,1,195,4600,4800,
2026-09-06T22:29:31+03:00,77.5,performance,manual,83.6,53.0,7.2,,39.0,,84.0,54.6,39.4,,84.0,hp-vibrance-stx-n22x9-performance,cpu,78.3,31.7,31.7,,200,78.4,1,195,4600,4800,
2026-09-06T22:29:32+03:00,78.6,performance,manual,83.8,54.0,7.2,,39.0,,84.0,54.6,39.4,,84.0,hp-vibrance-stx-n22x9-performance,cpu,78.3,31.7,31.7,,200,78.4,1,195,4600,4800,
2026-09-06T22:29:33+03:00,79.7,performance,manual,83.9,54.0,7.2,,39.0,,84.0,54.6,39.4,,84.0,hp-vibrance-stx-n22x9-performance,cpu,78.3,31.7,31.7,,200,78.4,1,195,4600,4800,
2026-09-06T22:29:34+03:00,80.8,performance,manual,83.8,52.0,7.0,,39.0,,84.0,54.4,39.4,,84.0,hp-vibrance-stx-n22x9-performance,cpu,78.3,31.7,31.7,,200,78.4,1,195,4600,4800,
2026-09-06T22:29:35+03:00,81.9,performance,manual,83.6,54.0,7.1,,39.0,,84.0,54.4,39.4,,84.0,hp-vibrance-stx-n22x9-performance,cpu,78.3,31.7,31.7,,200,78.4,1,195,4600,4800,
2026-09-06T22:29:36+03:00,82.9,performance,manual,83.8,54.0,7.2,,39.0,,84.0,54.4,39.3,,84.0,hp-vibrance-stx-n22x9-performance,cpu,78.3,31.7,31.7,,200,78.4,1,195,4600,4800,
2026-09-06T22:29:37+03:00,84.0,performance,manual,83.8,53.0,7.3,,39.0,,83.9,54.3,39.3,,83.9,hp-vibrance-stx-n22x9-performance,cpu,78.3,31.7,31.7,,200,78.4,1,195,4600,4800,
2026-09-06T22:29:39+03:00,85.1,performance,manual,83.8,52.0,7.3,,39.0,,83.9,54.2,39.3,,83.9,hp-vibrance-stx-n22x9-performance,cpu,78.3,31.7,31.7,,200,78.4,1,195,4600,4800,
2026-09-06T22:29:40+03:00,86.2,performance,manual,75.5,49.0,7.2,,39.0,,83.5,53.9,39.3,,83.5,hp-vibrance-stx-n22x9-performance,cpu,78.3,31.7,31.7,,200,78.4,1,195,4600,4800,
2026-09-06T22:29:41+03:00,87.3,performance,manual,66.0,49.0,7.6,,39.0,,82.6,53.7,39.3,,82.6,hp-vibrance-stx-n22x9-performance,cpu,78.3,31.7,31.7,,200,78.4,1,195,4600,4800,
2026-09-06T22:29:42+03:00,88.4,performance,manual,59.9,49.0,8.1,,39.0,,81.5,53.5,39.3,,81.5,hp-vibrance-stx-n22x9-performance,cpu,78.3,31.7,31.7,,200,78.4,1,195,4600,4800,
2026-09-06T22:29:43+03:00,89.5,performance,manual,56.1,48.0,8.0,,39.0,,80.2,53.2,39.3,,80.2,hp-vibrance-stx-n22x9-performance,cpu,71.7,31.7,31.7,,183,71.8,1,195,4600,4800,
2026-09-06T22:29:44+03:00,90.6,performance,manual,53.6,48.0,7.8,,39.0,,78.9,52.9,39.2,,78.9,hp-vibrance-stx-n22x9-performance,cpu,56.7,31.7,31.7,,183,71.8,1,182,4300,4600,
2026-09-06T22:29:45+03:00,91.6,performance,manual,52.0,48.0,7.9,,39.0,,77.6,52.7,39.2,,77.6,hp-vibrance-stx-n22x9-performance,cpu,51.7,31.7,31.7,,183,71.8,1,178,4200,4400,
2026-09-06T22:29:46+03:00,92.7,performance,manual,51.2,47.0,7.8,,39.0,,76.2,52.4,39.2,,76.2,hp-vibrance-stx-n22x9-performance,cpu,51.7,31.7,31.7,,183,71.8,1,178,4200,4400,
2026-09-06T22:29:47+03:00,93.8,performance,manual,50.5,47.0,7.8,,38.0,,75.0,52.1,39.2,,75.0,hp-vibrance-stx-n22x9-performance,cpu,46.7,31.7,31.7,,183,71.8,1,178,4200,4400,
2026-09-06T22:29:48+03:00,94.9,performance,manual,50.0,47.0,7.6,,38.0,,73.7,51.9,39.1,,73.7,hp-vibrance-stx-n22x9-performance,cpu,41.7,31.7,31.7,,163,63.9,1,178,4200,4400,
2026-09-06T22:29:49+03:00,96.0,performance,manual,49.5,47.0,7.6,,38.0,,72.5,51.6,39.0,,72.5,hp-vibrance-stx-n22x9-performance,cpu,41.7,31.7,31.7,,163,63.9,1,170,4000,4100,
2026-09-06T22:29:50+03:00,97.1,performance,manual,49.1,47.0,7.7,,38.0,,71.3,51.4,39.0,,71.3,hp-vibrance-stx-n22x9-performance,cpu,38.3,31.7,31.7,,163,63.9,1,157,3700,3900,
2026-09-06T22:29:52+03:00,98.2,performance,manual,49.0,46.0,7.6,,38.0,,70.2,51.1,38.9,,70.2,hp-vibrance-stx-n22x9-performance,cpu,38.3,31.7,31.7,,163,63.9,1,157,3700,3900,
2026-09-06T22:29:53+03:00,99.2,performance,manual,48.8,46.0,7.6,,38.0,,69.1,50.9,38.9,,69.1,hp-vibrance-stx-n22x9-performance,cpu,36.7,31.7,31.7,,163,63.9,1,157,3700,3900,
2026-09-06T22:29:54+03:00,100.4,performance,manual,48.9,46.0,7.4,,38.0,,68.1,50.6,38.9,,68.1,hp-vibrance-stx-n22x9-performance,cpu,36.7,31.7,31.7,,143,56.1,1,157,3700,3900,
2026-09-06T22:29:55+03:00,101.4,performance,manual,48.5,46.0,7.6,,38.0,,67.1,50.4,38.8,,67.1,hp-vibrance-stx-n22x9-performance,cpu,36.7,31.7,31.7,,143,56.1,1,148,3500,3700,
2026-09-06T22:29:56+03:00,102.5,performance,manual,48.8,46.0,7.7,,38.0,,66.2,50.2,38.8,,66.2,hp-vibrance-stx-n22x9-performance,cpu,35.0,31.7,31.7,,143,56.1,1,136,3200,3400,
2026-09-06T22:29:57+03:00,103.6,performance,manual,48.2,45.0,7.4,,38.0,,65.3,49.9,38.7,,65.3,hp-vibrance-stx-n22x9-performance,cpu,35.0,31.7,31.7,,143,56.1,1,136,3200,3400,
2026-09-06T22:29:58+03:00,104.7,performance,manual,49.4,45.0,7.4,,38.0,,64.5,49.7,38.7,,64.5,hp-vibrance-stx-n22x9-performance,cpu,35.0,31.7,31.7,,143,56.1,1,136,3200,3400,
2026-09-06T22:29:59+03:00,105.8,performance,manual,48.6,45.0,7.5,,38.0,,63.7,49.4,38.7,,63.7,hp-vibrance-stx-n22x9-performance,cpu,33.3,31.7,31.7,,123,48.2,1,136,3200,3400,
2026-09-06T22:30:00+03:00,106.9,performance,manual,48.1,45.0,7.5,,38.0,,63.0,49.2,38.6,,63.0,hp-vibrance-stx-n22x9-performance,cpu,33.3,31.7,31.7,,123,48.2,1,123,2900,3100,
2026-09-06T22:30:01+03:00,108.0,performance,manual,53.5,45.0,7.4,,38.0,,62.5,49.0,38.6,,62.5,hp-vibrance-stx-n22x9-performance,cpu,33.3,31.7,31.7,,123,48.2,1,119,2800,3000,
2026-09-06T22:30:02+03:00,109.0,performance,manual,51.0,45.0,7.3,,38.0,,61.9,48.8,38.6,,61.9,hp-vibrance-stx-n22x9-performance,cpu,33.3,31.7,31.7,,123,48.2,1,119,2800,3000,
2026-09-06T22:30:04+03:00,110.1,performance,manual,49.2,45.0,7.3,,38.0,,61.3,48.6,38.5,,61.3,hp-vibrance-stx-n22x9-performance,cpu,33.3,31.7,31.7,,123,48.2,1,119,2800,3000,
2026-09-06T22:30:05+03:00,111.2,performance,manual,48.4,45.0,7.4,,38.0,,60.6,48.4,38.5,,60.6,hp-vibrance-stx-n22x9-performance,cpu,33.3,31.7,31.7,,103,40.4,1,119,2800,3000,
2026-09-06T22:30:06+03:00,112.3,performance,manual,47.8,45.0,7.3,,38.0,,60.0,48.3,38.5,,60.0,hp-vibrance-stx-n22x9-performance,cpu,31.7,31.7,31.7,,103,40.4,1,106,2500,2800,
2026-09-06T22:30:07+03:00,113.4,performance,manual,47.4,44.0,7.4,,38.0,,59.4,48.0,38.5,,59.4,hp-vibrance-stx-n22x9-performance,cpu,31.7,31.7,31.7,,103,40.4,1,102,2400,2600,
2026-09-06T22:30:08+03:00,114.5,performance,manual,47.1,44.0,7.3,,38.0,,58.7,47.8,38.4,,58.7,hp-vibrance-stx-n22x9-performance,cpu,31.7,31.7,31.7,,103,40.4,1,102,2400,2600,
2026-09-06T22:30:09+03:00,115.5,performance,manual,46.9,44.0,7.2,,38.0,,58.1,47.7,38.4,,58.1,hp-vibrance-stx-n22x9-performance,cpu,31.7,31.7,31.7,,103,40.4,1,102,2400,2600,
2026-09-06T22:30:10+03:00,116.7,performance,manual,46.8,44.0,7.2,,38.0,,57.6,47.5,38.4,,57.6,hp-vibrance-stx-n22x9-performance,cpu,31.7,31.7,31.7,,83,32.5,1,102,2400,2600,
2026-09-06T22:30:11+03:00,117.7,performance,manual,46.6,44.0,7.4,,38.0,,57.0,47.3,38.4,,57.0,hp-vibrance-stx-n22x9-performance,cpu,31.7,31.7,31.7,,83,32.5,1,93,2200,2300,
2026-09-06T22:30:12+03:00,118.8,performance,manual,46.6,44.0,7.1,,38.0,,56.5,47.1,38.4,,56.5,hp-vibrance-stx-n22x9-performance,cpu,31.7,31.7,31.7,,83,32.5,1,76,1800,2000,
2026-09-06T22:30:13+03:00,119.9,performance,manual,46.5,44.0,7.3,,38.0,,56.0,47.0,38.3,,56.0,hp-vibrance-stx-n22x9-performance,cpu,31.7,31.7,31.7,,83,32.5,1,76,1800,2000,
2026-09-06T22:30:14+03:00,121.0,performance,manual,46.8,44.0,7.2,,38.0,,55.5,46.8,38.3,,55.5,hp-vibrance-stx-n22x9-performance,cpu,31.7,31.7,31.7,,83,32.5,1,76,1800,2000,
2026-09-06T22:30:16+03:00,122.1,performance,manual,46.5,44.0,7.2,,38.0,,55.1,46.7,38.3,,55.1,hp-vibrance-stx-n22x9-performance,cpu,31.7,31.7,31.7,,81,31.8,1,76,1800,2000,
2026-09-06T22:30:17+03:00,123.2,performance,manual,46.9,44.0,7.2,,38.0,,54.7,46.6,38.3,,54.7,hp-vibrance-stx-n22x9-performance,cpu,31.7,31.7,31.7,,81,31.8,1,76,1800,2000,
2026-09-06T22:30:18+03:00,124.3,performance,manual,47.2,44.0,7.2,,38.0,,54.3,46.4,38.3,,54.3,hp-vibrance-stx-n22x9-performance,cpu,31.7,31.7,31.7,,81,31.8,1,76,1800,2000,
2026-09-06T22:30:19+03:00,125.3,performance,manual,46.9,44.0,7.2,,38.0,,53.9,46.3,38.3,,53.9,hp-vibrance-stx-n22x9-performance,cpu,31.7,31.7,31.7,,81,31.8,1,76,1800,2000,
2026-09-06T22:30:20+03:00,126.4,performance,manual,47.0,44.0,7.2,,38.0,,53.6,46.2,38.2,,53.6,hp-vibrance-stx-n22x9-performance,cpu,31.7,31.7,31.7,,81,31.8,1,76,1800,2000,
2026-09-06T22:30:21+03:00,127.5,performance,manual,46.5,44.0,7.2,,38.0,,53.2,46.1,38.2,,53.2,hp-vibrance-stx-n22x9-performance,cpu,31.7,31.7,31.7,,81,31.8,1,76,1800,2000,
2026-09-06T22:30:22+03:00,128.6,performance,manual,46.4,44.0,7.2,,38.0,,52.9,46.0,38.2,,52.9,hp-vibrance-stx-n22x9-performance,cpu,31.7,31.7,31.7,,81,31.8,1,76,1800,2000,
2026-09-06T22:30:23+03:00,129.7,performance,manual,46.1,44.0,7.1,,38.0,,52.6,45.9,38.2,,52.6,hp-vibrance-stx-n22x9-performance,cpu,31.7,31.7,31.7,,81,31.8,1,76,1800,2000,
2026-09-06T22:30:24+03:00,130.7,performance,manual,46.0,44.0,7.0,,38.0,,52.2,45.8,38.2,,52.2,hp-vibrance-stx-n22x9-performance,cpu,31.7,31.7,31.7,,81,31.8,1,76,1800,2000,
2026-09-06T22:30:25+03:00,131.9,performance,bios-auto,45.9,44.0,7.3,,38.0,,51.9,45.7,38.2,,51.9,hp-vibrance-stx-n22x9-performance,,,,,,,,2,76,1800,2000,
2026-09-06T22:30:26+03:00,133.0,performance,bios-auto,45.9,44.0,7.2,,38.0,,51.6,45.6,38.2,,51.6,hp-vibrance-stx-n22x9-performance,,,,,,,,2,38,900,1100,
2026-09-06T22:30:27+03:00,134.1,performance,bios-auto,46.4,44.0,7.0,,38.0,,51.3,45.5,38.2,,51.3,hp-vibrance-stx-n22x9-performance,,,,,,,,2,17,400,400,
2026-09-06T22:30:29+03:00,135.2,performance,bios-auto,48.4,44.0,7.2,,38.0,,51.2,45.5,38.2,,51.2,hp-vibrance-stx-n22x9-performance,,,,,,,,2,8,200,200,
2026-09-06T22:30:30+03:00,136.2,performance,bios-auto,47.8,44.0,7.1,,38.0,,51.0,45.4,38.2,,51.0,hp-vibrance-stx-n22x9-performance,,,,,,,,2,0,0,200,
2026-09-06T22:30:31+03:00,137.3,performance,bios-auto,47.1,44.0,7.2,,38.0,,50.8,45.3,38.1,,50.8,hp-vibrance-stx-n22x9-performance,,,,,,,,2,0,0,0,
2026-09-06T22:30:32+03:00,138.4,performance,bios-auto,47.6,44.0,7.2,,38.0,,50.7,45.2,38.1,,50.7,hp-vibrance-stx-n22x9-performance,,,,,,,,2,0,0,0,
2026-09-06T22:30:33+03:00,139.5,performance,bios-auto,47.2,44.0,7.2,,38.0,,50.5,45.2,38.1,,50.5,hp-vibrance-stx-n22x9-performance,,,,,,,,2,0,0,0,
2026-09-06T22:30:34+03:00,140.5,performance,bios-auto,46.9,44.0,7.2,,38.0,,50.3,45.1,38.1,,50.3,hp-vibrance-stx-n22x9-performance,,,,,,,,2,0,0,0,
2026-09-06T22:30:35+03:00,141.6,performance,bios-auto,46.8,44.0,7.2,,38.0,,50.1,45.1,38.1,,50.1,hp-vibrance-stx-n22x9-performance,,,,,,,,2,0,0,0,
2026-09-06T22:30:36+03:00,142.7,performance,bios-auto,46.6,44.0,7.1,,38.0,,50.0,45.0,38.1,,50.0,hp-vibrance-stx-n22x9-performance,,,,,,,,2,0,0,0,
2026-09-06T22:30:37+03:00,143.8,performance,bios-auto,46.4,44.0,7.1,,38.0,,49.8,45.0,38.1,,49.8,hp-vibrance-stx-n22x9-performance,,,,,,,,2,0,0,0,
2026-09-06T22:30:38+03:00,144.9,performance,bios-auto,46.4,44.0,7.2,,38.0,,49.6,44.9,38.1,,49.6,hp-vibrance-stx-n22x9-performance,,,,,,,,2,0,0,0,
