elapsed_s,timestamp,profile,cpu_temp_c,gpu_temp_c,acpi_temp_c,fan1_rpm,fan2_rpm,pwm_enable,pwm_percent,cpu_power_w,gpu_power_w,gpu_util_percent
0,2026-09-06T14:09:22+03:00,balanced,41.5,40,41.0,0,0,2,0.0,NA,21.46,13
4,2026-09-06T14:09:23+03:00,balanced,47.6,40,41.0,0,0,2,0.0,NA,19.13,0
5,2026-09-06T14:09:24+03:00,balanced,52.4,40,41.0,0,0,2,0.0,NA,18.81,0
6,2026-09-06T14:09:25+03:00,balanced,54.2,41,41.0,0,0,2,0.0,NA,18.93,0
7,2026-09-06T14:09:26+03:00,balanced,55.1,41,41.0,0,0,2,0.0,NA,15.88,0
8,2026-09-06T14:09:28+03:00,balanced,55.8,41,41.0,0,0,2,0.0,NA,15.90,0
10,2026-09-06T14:09:29+03:00,balanced,56.0,41,41.0,0,0,2,0.0,NA,15.92,0
11,2026-09-06T14:09:30+03:00,balanced,56.2,41,41.0,0,0,2,0.0,NA,16.02,0
12,2026-09-06T14:09:31+03:00,balanced,56.4,42,41.0,0,0,2,0.0,NA,15.95,0
13,2026-09-06T14:09:32+03:00,balanced,56.8,42,41.0,0,0,2,0.0,NA,16.07,0
14,2026-09-06T14:09:34+03:00,balanced,57.0,42,41.0,0,0,2,0.0,NA,6.03,0
16,2026-09-06T14:09:35+03:00,balanced,57.1,42,52.0,0,0,2,0.0,NA,6.26,0
17,2026-09-06T14:09:36+03:00,balanced,57.2,42,52.0,0,0,2,0.0,NA,6.26,0
18,2026-09-06T14:09:37+03:00,balanced,57.4,42,52.0,0,0,2,0.0,NA,6.19,0
19,2026-09-06T14:09:38+03:00,balanced,57.6,42,52.0,0,0,2,0.0,NA,6.19,0
20,2026-09-06T14:09:40+03:00,balanced,57.8,42,52.0,0,0,2,0.0,NA,6.18,0
22,2026-09-06T14:09:41+03:00,balanced,57.9,43,52.0,0,0,2,0.0,NA,6.21,0
23,2026-09-06T14:09:42+03:00,balanced,58.1,43,52.0,0,0,2,0.0,NA,6.30,0
24,2026-09-06T14:09:43+03:00,balanced,58.4,43,52.0,0,0,2,0.0,NA,6.28,0
25,2026-09-06T14:09:44+03:00,balanced,58.5,43,52.0,0,0,2,0.0,NA,6.27,0
26,2026-09-06T14:09:46+03:00,balanced,58.6,43,56.0,0,0,2,0.0,NA,6.29,0
28,2026-09-06T14:09:47+03:00,balanced,58.8,43,56.0,0,0,2,0.0,NA,6.34,0
29,2026-09-06T14:09:48+03:00,balanced,59.0,43,56.0,0,0,2,0.0,NA,6.33,0
30,2026-09-06T14:09:49+03:00,balanced,59.1,44,56.0,0,0,2,0.0,NA,6.30,0
31,2026-09-06T14:09:50+03:00,balanced,59.2,44,56.0,0,0,2,0.0,NA,6.26,0
32,2026-09-06T14:09:52+03:00,balanced,59.4,44,56.0,0,0,2,0.0,NA,6.42,0
34,2026-09-06T14:09:53+03:00,balanced,59.5,44,56.0,0,0,2,0.0,NA,6.52,0
35,2026-09-06T14:09:54+03:00,balanced,59.5,44,56.0,0,0,2,0.0,NA,6.51,0
36,2026-09-06T14:09:55+03:00,balanced,59.6,44,56.0,0,0,2,0.0,NA,6.41,0
37,2026-09-06T14:09:56+03:00,balanced,59.8,44,57.0,0,0,2,0.0,NA,6.39,0
38,2026-09-06T14:09:58+03:00,balanced,59.9,45,57.0,0,0,2,0.0,NA,6.45,0
40,2026-09-06T14:09:59+03:00,balanced,60.1,45,57.0,0,0,2,0.0,NA,6.66,0
41,2026-09-06T14:10:00+03:00,balanced,60.2,45,57.0,0,0,2,0.0,NA,6.39,0
42,2026-09-06T14:10:01+03:00,balanced,60.4,45,57.0,0,0,2,0.0,NA,6.42,0
43,2026-09-06T14:10:02+03:00,balanced,60.5,45,57.0,0,0,2,0.0,NA,6.58,0
44,2026-09-06T14:10:04+03:00,balanced,60.6,45,57.0,0,0,2,0.0,NA,6.57,0
46,2026-09-06T14:10:05+03:00,balanced,60.8,45,57.0,0,0,2,0.0,NA,6.71,0
47,2026-09-06T14:10:06+03:00,balanced,60.9,45,57.0,0,0,2,0.0,NA,6.51,0
48,2026-09-06T14:10:07+03:00,balanced,61.0,46,58.0,0,0,2,0.0,NA,6.54,0
49,2026-09-06T14:10:08+03:00,balanced,61.1,46,58.0,0,0,2,0.0,NA,6.68,0
50,2026-09-06T14:10:10+03:00,balanced,61.2,46,58.0,0,0,2,0.0,NA,6.66,0
52,2026-09-06T14:10:11+03:00,balanced,61.4,46,58.0,0,0,2,0.0,NA,6.60,0
53,2026-09-06T14:10:12+03:00,balanced,61.6,46,58.0,0,0,2,0.0,NA,6.70,0
54,2026-09-06T14:10:13+03:00,balanced,61.8,46,58.0,0,0,2,0.0,NA,6.75,0
55,2026-09-06T14:10:14+03:00,balanced,61.9,46,58.0,0,0,2,0.0,NA,6.65,0
56,2026-09-06T14:10:16+03:00,balanced,62.0,47,58.0,0,0,2,0.0,NA,6.68,0
58,2026-09-06T14:10:17+03:00,balanced,62.1,47,58.0,0,0,2,0.0,NA,6.69,0
59,2026-09-06T14:10:18+03:00,balanced,62.2,47,58.0,0,0,2,0.0,NA,6.72,0
60,2026-09-06T14:10:19+03:00,balanced,62.4,47,60.0,0,0,2,0.0,NA,6.97,0
61,2026-09-06T14:10:20+03:00,balanced,62.5,47,60.0,0,0,2,0.0,NA,6.66,0
62,2026-09-06T14:10:22+03:00,balanced,62.6,47,60.0,0,0,2,0.0,NA,6.67,0
64,2026-09-06T14:10:23+03:00,balanced,62.8,47,60.0,0,0,2,0.0,NA,6.88,0
65,2026-09-06T14:10:24+03:00,balanced,62.9,47,60.0,0,0,2,0.0,NA,6.76,0
66,2026-09-06T14:10:25+03:00,balanced,63.0,47,60.0,0,0,2,0.0,NA,6.80,0
67,2026-09-06T14:10:26+03:00,balanced,63.1,48,60.0,0,0,2,0.0,NA,6.69,0
68,2026-09-06T14:10:28+03:00,balanced,63.1,48,60.0,0,0,2,0.0,NA,6.84,0
70,2026-09-06T14:10:29+03:00,balanced,63.4,48,60.0,0,0,2,0.0,NA,6.89,0
71,2026-09-06T14:10:30+03:00,balanced,63.5,48,61.0,0,0,2,0.0,NA,6.95,0
72,2026-09-06T14:10:31+03:00,balanced,63.5,48,61.0,0,0,2,0.0,NA,6.84,0
73,2026-09-06T14:10:32+03:00,balanced,63.8,48,61.0,0,0,2,0.0,NA,6.75,0
74,2026-09-06T14:10:34+03:00,balanced,63.9,48,61.0,0,0,2,0.0,NA,6.92,0
76,2026-09-06T14:10:35+03:00,balanced,63.9,48,61.0,0,0,2,0.0,NA,6.98,0
77,2026-09-06T14:10:36+03:00,balanced,64.0,48,61.0,0,0,2,0.0,NA,6.97,0
78,2026-09-06T14:10:37+03:00,balanced,64.2,48,61.0,0,0,2,0.0,NA,6.93,0
79,2026-09-06T14:10:39+03:00,balanced,64.2,49,61.0,0,0,2,0.0,NA,6.86,0
81,2026-09-06T14:10:40+03:00,balanced,64.4,49,61.0,0,0,2,0.0,NA,7.10,0
82,2026-09-06T14:10:41+03:00,balanced,64.5,49,62.0,0,0,2,0.0,NA,7.07,0
83,2026-09-06T14:10:42+03:00,balanced,64.5,49,62.0,0,0,2,0.0,NA,7.01,0
84,2026-09-06T14:10:43+03:00,balanced,64.6,49,62.0,0,0,2,0.0,NA,6.86,0
85,2026-09-06T14:10:45+03:00,balanced,64.8,49,62.0,1300,1300,2,21.6,NA,7.15,0
87,2026-09-06T14:10:46+03:00,balanced,64.9,49,62.0,1700,1700,2,28.2,NA,7.14,0
88,2026-09-06T14:10:47+03:00,balanced,64.8,49,62.0,1900,2200,2,31.4,NA,7.02,0
89,2026-09-06T14:10:48+03:00,balanced,64.8,49,62.0,1900,2100,2,31.4,NA,6.99,0
90,2026-09-06T14:10:49+03:00,balanced,64.8,49,62.0,1900,2100,2,31.4,NA,6.89,0
91,2026-09-06T14:10:51+03:00,balanced,64.8,49,62.0,1900,2100,2,31.4,NA,6.91,0
93,2026-09-06T14:10:52+03:00,balanced,64.8,49,63.0,1900,2100,2,31.4,NA,6.98,0
94,2026-09-06T14:10:53+03:00,balanced,64.8,49,63.0,1900,2100,2,31.4,NA,7.01,0
95,2026-09-06T14:10:54+03:00,balanced,64.8,49,63.0,1900,2100,2,31.4,NA,7.03,0
96,2026-09-06T14:10:55+03:00,balanced,64.8,49,63.0,1900,2100,2,31.4,NA,6.92,0
97,2026-09-06T14:10:57+03:00,balanced,64.8,49,63.0,1900,2100,2,31.4,NA,6.94,0
99,2026-09-06T14:10:58+03:00,balanced,64.8,49,63.0,1900,2100,2,31.4,NA,6.97,0
100,2026-09-06T14:10:59+03:00,balanced,64.8,49,63.0,1900,2100,2,31.4,NA,6.99,0
101,2026-09-06T14:11:00+03:00,balanced,64.8,49,63.0,1900,2100,2,31.4,NA,7.00,0
102,2026-09-06T14:11:01+03:00,balanced,64.8,49,63.0,1900,2100,2,31.4,NA,6.87,0
103,2026-09-06T14:11:03+03:00,balanced,64.8,49,63.0,1900,2100,2,31.4,NA,6.94,0
105,2026-09-06T14:11:04+03:00,balanced,64.8,49,63.0,1900,2100,2,31.4,NA,7.00,0
106,2026-09-06T14:11:05+03:00,balanced,64.6,49,63.0,1900,2100,2,31.4,NA,7.02,0
107,2026-09-06T14:11:06+03:00,balanced,64.6,49,63.0,1900,2100,2,31.4,NA,6.98,0
108,2026-09-06T14:11:07+03:00,balanced,64.6,49,63.0,1900,2100,2,31.4,NA,6.92,0
109,2026-09-06T14:11:09+03:00,balanced,64.6,49,63.0,1900,2100,2,31.4,NA,6.96,0
111,2026-09-06T14:11:10+03:00,balanced,64.6,49,63.0,1900,2100,2,31.4,NA,7.02,0
112,2026-09-06T14:11:11+03:00,balanced,64.6,49,63.0,1900,2100,2,31.4,NA,7.03,0
113,2026-09-06T14:11:12+03:00,balanced,64.6,49,63.0,1900,2100,2,31.4,NA,6.88,0
114,2026-09-06T14:11:13+03:00,balanced,64.6,49,63.0,1900,2100,2,31.4,NA,6.93,0
115,2026-09-06T14:11:15+03:00,balanced,64.6,49,63.0,1900,2100,2,31.4,NA,7.03,0
117,2026-09-06T14:11:16+03:00,balanced,64.5,49,63.0,1900,2100,2,31.4,NA,7.03,0
118,2026-09-06T14:11:17+03:00,balanced,64.5,49,63.0,1900,2100,2,31.4,NA,7.04,0
119,2026-09-06T14:11:18+03:00,balanced,64.6,49,63.0,1900,2100,2,31.4,NA,6.91,0
120,2026-09-06T14:11:20+03:00,balanced,64.5,49,63.0,1900,2100,2,31.4,NA,7.01,0
122,2026-09-06T14:11:21+03:00,balanced,64.5,49,63.0,1900,2100,2,31.4,NA,7.02,0
123,2026-09-06T14:11:22+03:00,balanced,64.5,49,63.0,1900,2100,2,31.4,NA,6.99,0
124,2026-09-06T14:11:23+03:00,balanced,59.8,49,63.0,1900,2100,2,31.4,NA,7.05,0
125,2026-09-06T14:11:24+03:00,balanced,56.2,49,63.0,1900,2100,2,31.4,NA,7.30,0
126,2026-09-06T14:11:25+03:00,balanced,54.0,49,63.0,1900,2100,2,31.4,NA,7.34,0
127,2026-09-06T14:11:26+03:00,balanced,52.6,48,63.0,1900,2100,2,31.4,NA,7.34,0
128,2026-09-06T14:11:27+03:00,balanced,51.8,48,63.0,1900,2100,2,31.4,NA,7.39,0
129,2026-09-06T14:11:29+03:00,balanced,51.1,48,63.0,1900,2100,2,31.4,NA,7.43,0
131,2026-09-06T14:11:30+03:00,balanced,50.8,48,63.0,1900,2100,2,31.4,NA,7.37,0
132,2026-09-06T14:11:31+03:00,balanced,50.4,48,63.0,1900,2100,2,31.4,NA,7.30,0
133,2026-09-06T14:11:32+03:00,balanced,50.1,48,63.0,1900,2100,2,31.4,NA,7.37,0
134,2026-09-06T14:11:33+03:00,balanced,50.0,48,63.0,1900,2100,2,31.4,NA,7.34,0
135,2026-09-06T14:11:34+03:00,balanced,49.8,47,63.0,1900,2100,2,31.4,NA,7.24,0
136,2026-09-06T14:11:35+03:00,balanced,49.6,47,52.0,1600,1700,2,26.7,NA,7.30,0
137,2026-09-06T14:11:36+03:00,balanced,52.6,47,52.0,700,700,2,9.8,NA,7.03,0
138,2026-09-06T14:11:38+03:00,balanced,59.6,47,52.0,200,200,2,3.1,NA,6.75,0
140,2026-09-06T14:11:39+03:00,balanced,62.0,47,52.0,0,200,2,0.0,NA,6.76,0
141,2026-09-06T14:11:40+03:00,balanced,62.8,48,52.0,0,0,2,0.0,NA,6.72,0
142,2026-09-06T14:11:41+03:00,balanced,63.2,48,52.0,0,0,2,0.0,NA,6.77,0
143,2026-09-06T14:11:42+03:00,balanced,63.5,48,52.0,0,0,2,0.0,NA,6.70,0
144,2026-09-06T14:11:44+03:00,balanced,63.8,48,52.0,0,0,2,0.0,NA,6.74,0
146,2026-09-06T14:11:45+03:00,balanced,63.9,48,52.0,0,0,2,0.0,NA,6.80,0
147,2026-09-06T14:11:46+03:00,balanced,64.0,48,57.0,0,0,2,0.0,NA,6.92,0
148,2026-09-06T14:11:47+03:00,balanced,64.2,48,57.0,0,0,2,0.0,NA,7.00,0
149,2026-09-06T14:11:48+03:00,balanced,64.2,49,57.0,0,0,2,0.0,NA,6.74,0
150,2026-09-06T14:11:50+03:00,balanced,64.4,49,57.0,0,0,2,0.0,NA,6.78,0
152,2026-09-06T14:11:51+03:00,balanced,64.5,49,57.0,0,0,2,0.0,NA,7.09,0
153,2026-09-06T14:11:52+03:00,balanced,64.6,49,57.0,0,0,2,0.0,NA,6.90,0
154,2026-09-06T14:11:53+03:00,balanced,64.8,49,57.0,0,0,2,0.0,NA,6.99,0
155,2026-09-06T14:11:54+03:00,balanced,64.9,49,57.0,0,0,2,0.0,NA,6.94,0
156,2026-09-06T14:11:55+03:00,balanced,65.1,49,57.0,0,0,2,0.0,NA,7.09,0
157,2026-09-06T14:11:57+03:00,balanced,65.1,49,63.0,0,0,2,0.0,NA,7.03,0
159,2026-09-06T14:11:58+03:00,balanced,65.2,50,63.0,0,0,2,0.0,NA,7.07,0
160,2026-09-06T14:11:59+03:00,balanced,65.5,50,63.0,0,0,2,0.0,NA,7.07,0
161,2026-09-06T14:12:00+03:00,balanced,62.2,50,63.0,900,1000,2,16.5,NA,7.09,0
162,2026-09-06T14:12:01+03:00,balanced,58.1,50,63.0,1500,1600,2,24.7,NA,7.58,0
163,2026-09-06T14:12:02+03:00,balanced,55.6,50,63.0,1900,2000,2,31.4,NA,7.52,0
164,2026-09-06T14:12:03+03:00,balanced,54.0,49,63.0,1900,2100,2,31.4,NA,7.53,0
165,2026-09-06T14:12:05+03:00,balanced,52.9,49,63.0,1900,2100,2,31.4,NA,7.53,0
167,2026-09-06T14:12:06+03:00,balanced,52.2,49,63.0,1900,2100,2,31.4,NA,7.51,0
168,2026-09-06T14:12:07+03:00,balanced,51.9,49,63.0,1900,2100,2,31.4,NA,7.48,0
169,2026-09-06T14:12:08+03:00,balanced,51.5,49,63.0,1900,2100,2,31.4,NA,7.51,0
170,2026-09-06T14:12:09+03:00,balanced,51.2,49,63.0,1900,2100,2,31.4,NA,7.60,0
171,2026-09-06T14:12:10+03:00,balanced,51.0,49,63.0,1900,2100,2,31.4,NA,7.57,0
172,2026-09-06T14:12:11+03:00,balanced,50.8,48,63.0,1900,2100,2,31.4,NA,7.48,0
173,2026-09-06T14:12:12+03:00,balanced,50.6,48,63.0,1900,2100,2,31.4,NA,7.47,0
174,2026-09-06T14:12:13+03:00,balanced,50.5,48,52.0,1900,2100,2,31.4,NA,7.37,0
175,2026-09-06T14:12:14+03:00,balanced,50.4,48,52.0,1000,1000,2,13.3,NA,7.37,0
176,2026-09-06T14:12:16+03:00,balanced,50.2,48,52.0,300,400,2,4.7,NA,7.35,0
178,2026-09-06T14:12:17+03:00,balanced,50.1,48,52.0,200,100,2,3.1,NA,7.34,0
179,2026-09-06T14:12:18+03:00,balanced,50.1,48,52.0,0,100,2,0.0,NA,7.34,0
180,2026-09-06T14:12:19+03:00,balanced,50.1,48,52.0,0,0,2,0.0,NA,7.44,0
181,2026-09-06T14:12:20+03:00,balanced,50.1,48,52.0,0,0,2,0.0,NA,7.43,0
182,2026-09-06T14:12:21+03:00,balanced,50.0,48,52.0,0,0,2,0.0,NA,7.30,0
183,2026-09-06T14:12:22+03:00,balanced,50.0,48,52.0,0,0,2,0.0,NA,7.31,0
184,2026-09-06T14:12:23+03:00,balanced,50.0,48,52.0,0,0,2,0.0,NA,7.28,0
185,2026-09-06T14:12:24+03:00,balanced,50.0,48,50.0,0,0,2,0.0,NA,7.33,0
186,2026-09-06T14:12:25+03:00,balanced,50.2,48,50.0,0,0,2,0.0,NA,7.34,0
187,2026-09-06T14:12:27+03:00,balanced,50.2,48,50.0,0,0,2,0.0,NA,7.35,0
189,2026-09-06T14:12:28+03:00,balanced,50.1,48,50.0,0,0,2,0.0,NA,7.33,0
190,2026-09-06T14:12:29+03:00,balanced,50.0,48,50.0,0,0,2,0.0,NA,7.33,0
191,2026-09-06T14:12:30+03:00,balanced,49.9,48,50.0,0,0,2,0.0,NA,7.30,0
192,2026-09-06T14:12:31+03:00,balanced,49.9,48,50.0,0,0,2,0.0,NA,7.31,0
193,2026-09-06T14:12:32+03:00,balanced,49.9,48,50.0,0,0,2,0.0,NA,7.29,0
194,2026-09-06T14:12:33+03:00,balanced,49.9,48,50.0,0,0,2,0.0,NA,7.30,0
195,2026-09-06T14:12:34+03:00,balanced,49.9,48,50.0,0,0,2,0.0,NA,7.22,0
196,2026-09-06T14:12:35+03:00,balanced,49.9,48,50.0,0,0,2,0.0,NA,7.23,0
197,2026-09-06T14:12:36+03:00,balanced,49.9,47,50.0,0,0,2,0.0,NA,7.26,0
198,2026-09-06T14:12:38+03:00,balanced,49.9,47,50.0,0,0,2,0.0,NA,7.25,0
200,2026-09-06T14:12:39+03:00,balanced,49.9,47,50.0,0,0,2,0.0,NA,7.17,0
201,2026-09-06T14:12:40+03:00,balanced,49.8,47,50.0,0,0,2,0.0,NA,7.24,0
202,2026-09-06T14:12:41+03:00,balanced,49.8,47,49.0,0,0,2,0.0,NA,7.26,0
203,2026-09-06T14:12:42+03:00,balanced,49.6,47,49.0,0,0,2,0.0,NA,7.23,0
204,2026-09-06T14:12:43+03:00,balanced,49.6,47,49.0,0,0,2,0.0,NA,7.28,0
205,2026-09-06T14:12:44+03:00,balanced,49.6,47,49.0,0,0,2,0.0,NA,7.27,0
206,2026-09-06T14:12:45+03:00,balanced,49.6,47,49.0,0,0,2,0.0,NA,7.14,0
207,2026-09-06T14:12:46+03:00,balanced,49.6,47,49.0,0,0,2,0.0,NA,7.25,0
208,2026-09-06T14:12:47+03:00,balanced,49.6,47,49.0,0,0,2,0.0,NA,7.28,0
209,2026-09-06T14:12:49+03:00,balanced,49.6,47,49.0,0,0,2,0.0,NA,7.26,0
211,2026-09-06T14:12:50+03:00,balanced,49.6,47,49.0,0,0,2,0.0,NA,7.25,0
212,2026-09-06T14:12:51+03:00,balanced,49.5,47,49.0,0,0,2,0.0,NA,7.19,0
213,2026-09-06T14:12:52+03:00,balanced,49.5,47,49.0,0,0,2,0.0,NA,7.18,0
214,2026-09-06T14:12:53+03:00,balanced,49.5,47,49.0,0,0,2,0.0,NA,7.32,0
215,2026-09-06T14:12:54+03:00,balanced,49.5,47,49.0,0,0,2,0.0,NA,7.22,0
216,2026-09-06T14:12:55+03:00,balanced,49.9,47,49.0,0,0,2,0.0,NA,7.24,0
217,2026-09-06T14:12:56+03:00,balanced,49.9,47,49.0,0,0,2,0.0,NA,7.22,0
218,2026-09-06T14:12:57+03:00,performance,51.5,47,49.0,0,0,2,0.0,NA,7.21,0
219,2026-09-06T14:12:58+03:00,performance,50.9,47,49.0,0,0,2,0.0,NA,7.36,0
220,2026-09-06T14:13:00+03:00,performance,50.4,47,49.0,0,0,2,0.0,NA,7.30,0
222,2026-09-06T14:13:01+03:00,performance,51.0,47,49.0,0,0,2,0.0,NA,7.29,0
223,2026-09-06T14:13:02+03:00,performance,50.6,47,49.0,0,0,2,0.0,NA,7.33,0
224,2026-09-06T14:13:03+03:00,performance,50.5,47,49.0,0,0,2,0.0,NA,7.33,0
225,2026-09-06T14:13:04+03:00,performance,50.2,47,49.0,0,0,2,0.0,NA,7.33,0
226,2026-09-06T14:13:05+03:00,performance,50.0,47,49.0,0,0,2,0.0,NA,7.34,0
227,2026-09-06T14:13:06+03:00,performance,50.5,47,49.0,0,0,2,0.0,NA,7.34,0
228,2026-09-06T14:13:07+03:00,performance,50.2,47,49.0,0,0,2,0.0,NA,7.31,0
229,2026-09-06T14:13:08+03:00,performance,50.2,47,49.0,0,0,2,0.0,NA,7.28,0
230,2026-09-06T14:13:09+03:00,performance,50.1,47,49.0,0,0,2,0.0,NA,7.30,0
231,2026-09-06T14:13:10+03:00,performance,50.0,47,49.0,0,0,2,0.0,NA,7.32,0
232,2026-09-06T14:13:12+03:00,performance,50.1,47,49.0,0,0,2,0.0,NA,7.33,0
234,2026-09-06T14:13:13+03:00,performance,50.0,47,49.0,0,0,2,0.0,NA,7.34,0
235,2026-09-06T14:13:14+03:00,performance,49.9,47,49.0,0,0,2,0.0,NA,7.34,0
236,2026-09-06T14:13:15+03:00,performance,49.8,47,49.0,0,0,2,0.0,NA,7.32,0
237,2026-09-06T14:13:16+03:00,performance,50.1,47,49.0,0,0,2,0.0,NA,7.34,0
