timestamp,elapsed_s,profile,state,cpu_raw_c,gpu_raw_c,acpi_raw_c,cpu_ewma_c,gpu_ewma_c,acpi_ewma_c,hottest_control_c,curve_source,winning_sensor,cpu_target_percent,gpu_target_percent,acpi_target_percent,requested_pwm,requested_percent,actual_mode,actual_pwm,fan1_rpm,fan2_rpm,note
2026-09-06T19:08:03+03:00,0.1,performance,bios-auto,48.5,45.0,,48.5,45.0,,48.5,hp-vibrance-stx-n22x9-performance,,,,,,,2,0,0,0,
2026-09-06T19:08:04+03:00,1.2,performance,bios-auto,48.2,45.0,,48.5,45.0,,48.5,hp-vibrance-stx-n22x9-performance,,,,,,,2,0,0,0,
2026-09-06T19:08:05+03:00,2.2,performance,bios-auto,48.9,45.0,,48.5,45.0,,48.5,hp-vibrance-stx-n22x9-performance,,,,,,,2,0,0,0,
2026-09-06T19:08:06+03:00,3.3,performance,bios-auto,48.6,46.0,,48.5,45.1,,48.5,hp-vibrance-stx-n22x9-performance,,,,,,,2,0,0,0,
2026-09-06T19:08:07+03:00,4.3,performance,bios-auto,48.2,46.0,,48.5,45.2,,48.5,hp-vibrance-stx-n22x9-performance,,,,,,,2,0,0,0,
2026-09-06T19:08:08+03:00,5.4,performance,bios-auto,48.1,46.0,,48.5,45.3,,48.5,hp-vibrance-stx-n22x9-performance,,,,,,,2,0,0,0,
2026-09-06T19:08:09+03:00,6.5,performance,bios-auto,48.0,45.0,,48.5,45.3,,48.5,hp-vibrance-stx-n22x9-performance,,,,,,,2,0,0,0,
2026-09-06T19:08:10+03:00,7.5,performance,bios-auto,47.9,46.0,,48.4,45.3,,48.4,hp-vibrance-stx-n22x9-performance,,,,,,,2,0,0,0,
2026-09-06T19:08:11+03:00,8.6,performance,bios-auto,47.9,46.0,,48.4,45.4,,48.4,hp-vibrance-stx-n22x9-performance,,,,,,,2,0,0,0,
2026-09-06T19:08:13+03:00,9.6,performance,bios-auto,48.0,46.0,,48.4,45.5,,48.4,hp-vibrance-stx-n22x9-performance,,,,,,,2,0,0,0,
2026-09-06T19:08:14+03:00,10.7,performance,bios-auto,48.0,46.0,,48.4,45.5,,48.4,hp-vibrance-stx-n22x9-performance,,,,,,,2,0,0,0,
2026-09-06T19:08:15+03:00,11.8,performance,bios-auto,48.0,46.0,,48.4,45.6,,48.4,hp-vibrance-stx-n22x9-performance,,,,,,,2,0,0,0,
2026-09-06T19:08:16+03:00,12.8,performance,bios-auto,48.0,46.0,,48.3,45.6,,48.3,hp-vibrance-stx-n22x9-performance,,,,,,,2,0,0,0,
2026-09-06T19:08:17+03:00,13.9,performance,bios-auto,48.1,46.0,,48.3,45.6,,48.3,hp-vibrance-stx-n22x9-performance,,,,,,,2,0,0,0,
2026-09-06T19:08:18+03:00,14.9,performance,bios-auto,48.1,46.0,,48.3,45.7,,48.3,hp-vibrance-stx-n22x9-performance,,,,,,,2,0,0,0,
2026-09-06T19:08:19+03:00,16.0,performance,bios-auto,48.2,46.0,,48.3,45.7,,48.3,hp-vibrance-stx-n22x9-performance,,,,,,,2,0,0,0,
2026-09-06T19:08:20+03:00,17.2,performance,manual,63.5,59.0,,49.8,47.0,,63.5,hp-vibrance-stx-n22x9-performance,cpu,31.7,31.7,,81,31.8,1,0,0,0,
2026-09-06T19:08:21+03:00,18.3,performance,bios-auto,70.2,50.0,,51.9,47.3,,51.9,hp-vibrance-stx-n22x9-performance,,,,,,,2,0,0,0,
2026-09-06T19:08:22+03:00,19.5,performance,manual,72.5,50.0,,53.9,47.6,,72.5,hp-vibrance-stx-n22x9-performance,cpu,36.7,31.7,,94,36.9,1,0,0,0,
2026-09-06T19:08:23+03:00,20.6,performance,manual,73.2,51.0,,55.9,47.9,,73.2,hp-vibrance-stx-n22x9-performance,cpu,36.7,31.7,,94,36.9,1,0,0,0,
2026-09-06T19:08:25+03:00,21.6,performance,manual,73.8,51.0,,57.7,48.2,,73.8,hp-vibrance-stx-n22x9-performance,cpu,36.7,31.7,,94,36.9,1,0,0,0,
2026-09-06T19:08:26+03:00,22.7,performance,manual,73.9,51.0,,59.3,48.5,,73.9,hp-vibrance-stx-n22x9-performance,cpu,36.7,31.7,,94,36.9,1,46,1100,1100,
2026-09-06T19:08:27+03:00,23.8,performance,manual,74.2,51.0,,60.8,48.8,,74.2,hp-vibrance-stx-n22x9-performance,cpu,38.3,31.7,,98,38.4,1,68,1600,1600,
2026-09-06T19:08:28+03:00,24.8,performance,manual,75.1,51.0,,62.2,49.0,,75.1,hp-vibrance-stx-n22x9-performance,cpu,38.3,31.7,,98,38.4,1,80,1900,2000,
2026-09-06T19:08:29+03:00,25.9,performance,manual,76.2,51.0,,63.6,49.2,,76.2,hp-vibrance-stx-n22x9-performance,cpu,41.7,31.7,,106,41.6,1,93,2200,2400,
2026-09-06T19:08:30+03:00,27.0,performance,manual,76.6,51.0,,64.9,49.4,,76.6,hp-vibrance-stx-n22x9-performance,cpu,41.7,31.7,,106,41.6,1,102,2400,2600,
2026-09-06T19:08:31+03:00,28.0,performance,manual,76.9,51.0,,66.1,49.5,,76.9,hp-vibrance-stx-n22x9-performance,cpu,41.7,31.7,,106,41.6,1,102,2400,2600,
2026-09-06T19:08:32+03:00,29.1,performance,manual,76.9,52.0,,67.2,49.8,,76.9,hp-vibrance-stx-n22x9-performance,cpu,41.7,31.7,,106,41.6,1,102,2400,2600,
2026-09-06T19:08:33+03:00,30.2,performance,manual,77.0,52.0,,68.2,50.0,,77.0,hp-vibrance-stx-n22x9-performance,cpu,41.7,31.7,,106,41.6,1,102,2400,2600,
2026-09-06T19:08:34+03:00,31.2,performance,manual,77.1,52.0,,69.1,50.2,,77.1,hp-vibrance-stx-n22x9-performance,cpu,41.7,31.7,,106,41.6,1,102,2400,2600,
2026-09-06T19:08:35+03:00,32.3,performance,manual,77.1,52.0,,69.9,50.4,,77.1,hp-vibrance-stx-n22x9-performance,cpu,41.7,31.7,,106,41.6,1,102,2400,2600,
2026-09-06T19:08:36+03:00,33.3,performance,manual,76.8,52.0,,70.6,50.5,,76.8,hp-vibrance-stx-n22x9-performance,cpu,41.7,31.7,,106,41.6,1,102,2400,2600,
2026-09-06T19:08:37+03:00,34.4,performance,manual,76.1,52.0,,71.1,50.7,,76.1,hp-vibrance-stx-n22x9-performance,cpu,41.7,31.7,,106,41.6,1,102,2400,2600,
2026-09-06T19:08:38+03:00,35.4,performance,manual,75.8,52.0,,71.6,50.8,,75.8,hp-vibrance-stx-n22x9-performance,cpu,41.7,31.7,,106,41.6,1,102,2400,2600,
2026-09-06T19:08:39+03:00,36.5,performance,manual,75.5,52.0,,72.0,50.9,,75.5,hp-vibrance-stx-n22x9-performance,cpu,41.7,31.7,,106,41.6,1,102,2400,2600,
2026-09-06T19:08:40+03:00,37.5,performance,manual,76.4,52.0,,72.4,51.0,,76.4,hp-vibrance-stx-n22x9-performance,cpu,41.7,31.7,,106,41.6,1,102,2400,2600,
2026-09-06T19:08:42+03:00,38.6,performance,manual,75.9,62.0,,72.8,52.1,,75.9,hp-vibrance-stx-n22x9-performance,cpu,41.7,33.3,,106,41.6,1,102,2400,2600,
2026-09-06T19:08:43+03:00,39.7,performance,manual,76.8,63.0,,73.2,53.2,,76.8,hp-vibrance-stx-n22x9-performance,cpu,41.7,35.0,,106,41.6,1,102,2400,2600,
2026-09-06T19:08:44+03:00,40.7,performance,manual,77.6,63.0,,73.6,54.2,,77.6,hp-vibrance-stx-n22x9-performance,cpu,41.7,35.0,,106,41.6,1,102,2400,2600,
2026-09-06T19:08:45+03:00,41.8,performance,manual,77.0,64.0,,73.9,55.2,,77.0,hp-vibrance-stx-n22x9-performance,cpu,41.7,35.0,,106,41.6,1,102,2400,2600,
2026-09-06T19:08:46+03:00,42.8,performance,manual,76.9,64.0,,74.2,56.1,,76.9,hp-vibrance-stx-n22x9-performance,cpu,41.7,35.0,,106,41.6,1,102,2400,2600,
2026-09-06T19:08:47+03:00,43.9,performance,manual,77.0,65.0,,74.5,57.0,,77.0,hp-vibrance-stx-n22x9-performance,cpu,41.7,35.0,,106,41.6,1,102,2400,2600,
2026-09-06T19:08:48+03:00,44.9,performance,manual,77.5,65.0,,74.8,57.8,,77.5,hp-vibrance-stx-n22x9-performance,cpu,41.7,35.0,,106,41.6,1,102,2400,2600,
2026-09-06T19:08:49+03:00,46.0,performance,manual,77.8,65.0,,75.1,58.5,,77.8,hp-vibrance-stx-n22x9-performance,cpu,41.7,35.0,,106,41.6,1,102,2400,2600,
2026-09-06T19:08:50+03:00,47.1,performance,manual,78.0,66.0,,75.4,59.2,,78.0,hp-vibrance-stx-n22x9-performance,cpu,46.7,36.7,,119,46.7,1,102,2400,2600,
2026-09-06T19:08:51+03:00,48.1,performance,manual,78.5,66.0,,75.7,59.9,,78.5,hp-vibrance-stx-n22x9-performance,cpu,46.7,36.7,,119,46.7,1,114,2700,2900,
2026-09-06T19:08:52+03:00,49.2,performance,manual,80.0,66.0,,76.1,60.5,,80.0,hp-vibrance-stx-n22x9-performance,cpu,51.7,36.7,,132,51.8,1,119,2800,3000,
2026-09-06T19:08:53+03:00,50.3,performance,manual,80.9,67.0,,76.6,61.2,,80.9,hp-vibrance-stx-n22x9-performance,cpu,51.7,36.7,,132,51.8,1,131,3100,3200,
2026-09-06T19:08:54+03:00,51.3,performance,manual,81.0,67.0,,77.0,61.8,,81.0,hp-vibrance-stx-n22x9-performance,cpu,51.7,36.7,,132,51.8,1,127,3000,3200,
2026-09-06T19:08:55+03:00,52.4,performance,manual,81.6,67.0,,77.5,62.3,,81.6,hp-vibrance-stx-n22x9-performance,cpu,51.7,36.7,,132,51.8,1,127,3000,3200,
2026-09-06T19:08:56+03:00,53.5,performance,manual,81.9,67.0,,77.9,62.8,,81.9,hp-vibrance-stx-n22x9-performance,cpu,51.7,36.7,,132,51.8,1,127,3000,3200,
2026-09-06T19:08:57+03:00,54.5,performance,manual,81.1,67.0,,78.3,63.2,,81.1,hp-vibrance-stx-n22x9-performance,cpu,51.7,36.7,,132,51.8,1,127,3000,3200,
2026-09-06T19:08:58+03:00,55.6,performance,manual,80.8,68.0,,78.5,63.7,,80.8,hp-vibrance-stx-n22x9-performance,cpu,51.7,36.7,,132,51.8,1,127,3000,3200,
2026-09-06T19:09:00+03:00,56.6,performance,manual,81.0,68.0,,78.8,64.1,,81.0,hp-vibrance-stx-n22x9-performance,cpu,51.7,36.7,,132,51.8,1,127,3000,3200,
2026-09-06T19:09:01+03:00,57.7,performance,manual,81.1,68.0,,79.0,64.5,,81.1,hp-vibrance-stx-n22x9-performance,cpu,51.7,36.7,,132,51.8,1,127,3000,3200,
2026-09-06T19:09:02+03:00,58.7,performance,manual,81.0,69.0,,79.2,64.9,,81.0,hp-vibrance-stx-n22x9-performance,cpu,51.7,38.3,,132,51.8,1,127,3000,3200,
2026-09-06T19:09:03+03:00,59.8,performance,manual,81.0,69.0,,79.4,65.3,,81.0,hp-vibrance-stx-n22x9-performance,cpu,51.7,38.3,,132,51.8,1,127,3000,3200,
2026-09-06T19:09:04+03:00,60.8,performance,manual,81.4,69.0,,79.6,65.7,,81.4,hp-vibrance-stx-n22x9-performance,cpu,51.7,38.3,,132,51.8,1,127,3000,3200,
2026-09-06T19:09:05+03:00,61.9,performance,manual,81.5,69.0,,79.8,66.0,,81.5,hp-vibrance-stx-n22x9-performance,cpu,51.7,38.3,,132,51.8,1,127,3000,3200,
2026-09-06T19:09:06+03:00,63.0,performance,manual,81.6,69.0,,80.0,66.3,,81.6,hp-vibrance-stx-n22x9-performance,cpu,51.7,38.3,,132,51.8,1,127,3000,3200,
2026-09-06T19:09:07+03:00,64.0,performance,manual,82.1,70.0,,80.2,66.7,,82.1,hp-vibrance-stx-n22x9-performance,cpu,56.7,38.3,,144,56.5,1,127,3000,3200,
2026-09-06T19:09:08+03:00,65.1,performance,manual,82.8,70.0,,80.4,67.0,,82.8,hp-vibrance-stx-n22x9-performance,cpu,56.7,38.3,,144,56.5,1,136,3200,3400,
2026-09-06T19:09:09+03:00,66.2,performance,manual,83.4,70.0,,80.7,67.3,,83.4,hp-vibrance-stx-n22x9-performance,cpu,61.7,38.3,,157,61.6,1,136,3200,3400,
2026-09-06T19:09:10+03:00,67.3,performance,manual,84.1,70.0,,81.1,67.6,,84.1,hp-vibrance-stx-n22x9-performance,cpu,71.7,38.3,,183,71.8,1,144,3500,3700,
2026-09-06T19:09:11+03:00,68.3,performance,manual,83.1,70.0,,81.3,67.8,,83.1,hp-vibrance-stx-n22x9-performance,cpu,71.7,38.3,,183,71.8,1,161,3800,4000,
2026-09-06T19:09:12+03:00,69.4,performance,manual,83.5,70.0,,81.5,68.1,,83.5,hp-vibrance-stx-n22x9-performance,cpu,71.7,38.3,,183,71.8,1,174,4100,4300,
2026-09-06T19:09:13+03:00,70.4,performance,manual,83.2,70.0,,81.7,68.2,,83.2,hp-vibrance-stx-n22x9-performance,cpu,71.7,38.3,,183,71.8,1,178,4200,4400,
2026-09-06T19:09:14+03:00,71.5,performance,manual,83.0,71.0,,81.8,68.5,,83.0,hp-vibrance-stx-n22x9-performance,cpu,71.7,41.7,,183,71.8,1,178,4200,4400,
2026-09-06T19:09:15+03:00,72.6,performance,manual,84.5,71.0,,82.1,68.8,,84.5,hp-vibrance-stx-n22x9-performance,cpu,71.7,41.7,,183,71.8,1,178,4200,4400,
2026-09-06T19:09:17+03:00,73.6,performance,manual,84.9,71.0,,82.4,69.0,,84.9,hp-vibrance-stx-n22x9-performance,cpu,71.7,41.7,,183,71.8,1,178,4200,4400,
2026-09-06T19:09:18+03:00,74.7,performance,manual,85.1,71.0,,82.6,69.2,,85.1,hp-vibrance-stx-n22x9-performance,cpu,78.3,41.7,,200,78.4,1,178,4200,4400,
2026-09-06T19:09:19+03:00,75.8,performance,manual,85.2,71.0,,82.9,69.4,,85.2,hp-vibrance-stx-n22x9-performance,cpu,78.3,41.7,,200,78.4,1,187,4400,4600,
2026-09-06T19:09:20+03:00,76.8,performance,manual,85.4,71.0,,83.1,69.5,,85.4,hp-vibrance-stx-n22x9-performance,cpu,78.3,41.7,,200,78.4,1,195,4600,4800,
2026-09-06T19:09:21+03:00,77.9,performance,manual,85.5,71.0,,83.4,69.7,,85.5,hp-vibrance-stx-n22x9-performance,cpu,78.3,41.7,,200,78.4,1,195,4600,4800,
2026-09-06T19:09:22+03:00,78.9,performance,manual,85.5,71.0,,83.6,69.8,,85.5,hp-vibrance-stx-n22x9-performance,cpu,78.3,41.7,,200,78.4,1,195,4600,4800,
2026-09-06T19:09:23+03:00,80.0,performance,manual,84.4,71.0,,83.7,69.9,,84.4,hp-vibrance-stx-n22x9-performance,cpu,78.3,41.7,,200,78.4,1,195,4600,4800,
2026-09-06T19:09:24+03:00,81.0,performance,manual,84.1,71.0,,83.7,70.0,,84.1,hp-vibrance-stx-n22x9-performance,cpu,78.3,41.7,,200,78.4,1,195,4600,4800,
2026-09-06T19:09:25+03:00,82.1,performance,manual,84.0,71.0,,83.7,70.1,,84.0,hp-vibrance-stx-n22x9-performance,cpu,78.3,41.7,,200,78.4,1,195,4600,4800,
2026-09-06T19:09:26+03:00,83.2,performance,manual,83.8,71.0,,83.7,70.2,,83.8,hp-vibrance-stx-n22x9-performance,cpu,78.3,41.7,,200,78.4,1,195,4600,4800,
2026-09-06T19:09:27+03:00,84.2,performance,manual,83.8,71.0,,83.7,70.3,,83.8,hp-vibrance-stx-n22x9-performance,cpu,78.3,41.7,,200,78.4,1,195,4600,4800,
2026-09-06T19:09:28+03:00,85.3,performance,manual,83.6,71.0,,83.7,70.4,,83.7,hp-vibrance-stx-n22x9-performance,cpu,78.3,41.7,,200,78.4,1,195,4600,4800,
2026-09-06T19:09:29+03:00,86.3,performance,manual,83.6,72.0,,83.7,70.5,,83.7,hp-vibrance-stx-n22x9-performance,cpu,78.3,41.7,,200,78.4,1,195,4600,4800,
2026-09-06T19:09:30+03:00,87.4,performance,manual,83.5,72.0,,83.7,70.7,,83.7,hp-vibrance-stx-n22x9-performance,cpu,78.3,41.7,,200,78.4,1,195,4600,4800,
2026-09-06T19:09:31+03:00,88.4,performance,manual,83.8,72.0,,83.7,70.8,,83.8,hp-vibrance-stx-n22x9-performance,cpu,78.3,41.7,,200,78.4,1,195,4600,4800,
2026-09-06T19:09:32+03:00,89.5,performance,manual,84.8,72.0,,83.8,70.9,,84.8,hp-vibrance-stx-n22x9-performance,cpu,78.3,41.7,,200,78.4,1,195,4600,4800,
2026-09-06T19:09:34+03:00,90.6,performance,manual,85.5,72.0,,84.0,71.0,,85.5,hp-vibrance-stx-n22x9-performance,cpu,78.3,41.7,,200,78.4,1,195,4600,4800,
2026-09-06T19:09:35+03:00,91.7,performance,manual,85.1,72.0,,84.1,71.1,,85.1,hp-vibrance-stx-n22x9-performance,cpu,78.3,41.7,,200,78.4,1,195,4600,4800,
2026-09-06T19:09:36+03:00,92.7,performance,manual,84.6,72.0,,84.2,71.2,,84.6,hp-vibrance-stx-n22x9-performance,cpu,78.3,41.7,,200,78.4,1,195,4600,4800,
2026-09-06T19:09:37+03:00,93.8,performance,manual,84.6,72.0,,84.2,71.3,,84.6,hp-vibrance-stx-n22x9-performance,cpu,78.3,41.7,,200,78.4,1,195,4600,4800,
2026-09-06T19:09:38+03:00,94.8,performance,manual,84.9,72.0,,84.3,71.4,,84.9,hp-vibrance-stx-n22x9-performance,cpu,78.3,41.7,,200,78.4,1,195,4600,4800,
2026-09-06T19:09:39+03:00,95.9,performance,manual,85.8,72.0,,84.4,71.4,,85.8,hp-vibrance-stx-n22x9-performance,cpu,78.3,41.7,,200,78.4,1,195,4600,4800,
2026-09-06T19:09:40+03:00,96.9,performance,manual,86.2,72.0,,84.6,71.5,,86.2,hp-vibrance-stx-n22x9-performance,cpu,78.3,41.7,,200,78.4,1,195,4600,4800,
2026-09-06T19:09:41+03:00,98.0,performance,manual,86.4,72.0,,84.8,71.5,,86.4,hp-vibrance-stx-n22x9-performance,cpu,78.3,41.7,,200,78.4,1,195,4600,4800,
2026-09-06T19:09:42+03:00,99.1,performance,manual,86.6,72.0,,85.0,71.6,,86.6,hp-vibrance-stx-n22x9-performance,cpu,78.3,41.7,,200,78.4,1,195,4600,4800,
2026-09-06T19:09:43+03:00,100.1,performance,manual,86.6,72.0,,85.1,71.6,,86.6,hp-vibrance-stx-n22x9-performance,cpu,78.3,41.7,,200,78.4,1,195,4600,4800,
2026-09-06T19:09:44+03:00,101.2,performance,manual,86.6,72.0,,85.3,71.7,,86.6,hp-vibrance-stx-n22x9-performance,cpu,78.3,41.7,,200,78.4,1,195,4600,4800,
2026-09-06T19:09:45+03:00,102.2,performance,manual,86.6,72.0,,85.4,71.7,,86.6,hp-vibrance-stx-n22x9-performance,cpu,78.3,41.7,,200,78.4,1,195,4600,4800,
2026-09-06T19:09:46+03:00,103.3,performance,manual,86.8,72.0,,85.5,71.7,,86.8,hp-vibrance-stx-n22x9-performance,cpu,78.3,41.7,,200,78.4,1,195,4600,4800,
2026-09-06T19:09:47+03:00,104.3,performance,manual,86.8,72.0,,85.7,71.8,,86.8,hp-vibrance-stx-n22x9-performance,cpu,78.3,41.7,,200,78.4,1,195,4600,4800,
2026-09-06T19:09:48+03:00,105.4,performance,manual,86.9,72.0,,85.8,71.8,,86.9,hp-vibrance-stx-n22x9-performance,cpu,78.3,41.7,,200,78.4,1,195,4600,4800,
2026-09-06T19:09:49+03:00,106.5,performance,manual,86.8,72.0,,85.9,71.8,,86.8,hp-vibrance-stx-n22x9-performance,cpu,78.3,41.7,,200,78.4,1,195,4600,4800,
2026-09-06T19:09:50+03:00,107.5,performance,manual,87.0,72.0,,86.0,71.8,,87.0,hp-vibrance-stx-n22x9-performance,cpu,78.3,41.7,,200,78.4,1,195,4600,4800,
2026-09-06T19:09:51+03:00,108.6,performance,manual,86.5,72.0,,86.0,71.8,,86.5,hp-vibrance-stx-n22x9-performance,cpu,78.3,41.7,,200,78.4,1,195,4600,4800,
2026-09-06T19:09:53+03:00,109.6,performance,manual,85.6,72.0,,86.0,71.9,,86.0,hp-vibrance-stx-n22x9-performance,cpu,78.3,41.7,,200,78.4,1,195,4600,4800,
2026-09-06T19:09:54+03:00,110.7,performance,manual,85.4,72.0,,86.0,71.9,,86.0,hp-vibrance-stx-n22x9-performance,cpu,78.3,41.7,,200,78.4,1,195,4600,4800,
2026-09-06T19:09:55+03:00,111.7,performance,manual,86.4,73.0,,86.0,72.0,,86.4,hp-vibrance-stx-n22x9-performance,cpu,78.3,46.7,,200,78.4,1,195,4600,4800,
2026-09-06T19:09:56+03:00,112.8,performance,manual,86.8,72.0,,86.1,72.0,,86.8,hp-vibrance-stx-n22x9-performance,cpu,78.3,46.7,,200,78.4,1,195,4600,4800,
2026-09-06T19:09:57+03:00,113.8,performance,manual,87.1,73.0,,86.2,72.1,,87.1,hp-vibrance-stx-n22x9-performance,cpu,78.3,46.7,,200,78.4,1,195,4600,4800,
2026-09-06T19:09:58+03:00,114.9,performance,manual,87.1,73.0,,86.3,72.2,,87.1,hp-vibrance-stx-n22x9-performance,cpu,78.3,46.7,,200,78.4,1,195,4600,4800,
2026-09-06T19:09:59+03:00,116.0,performance,manual,87.1,73.0,,86.4,72.3,,87.1,hp-vibrance-stx-n22x9-performance,cpu,78.3,46.7,,200,78.4,1,195,4600,4800,
2026-09-06T19:10:00+03:00,117.0,performance,manual,87.1,73.0,,86.5,72.3,,87.1,hp-vibrance-stx-n22x9-performance,cpu,78.3,46.7,,200,78.4,1,195,4600,4800,
2026-09-06T19:10:01+03:00,118.1,performance,manual,87.1,73.0,,86.5,72.4,,87.1,hp-vibrance-stx-n22x9-performance,cpu,78.3,46.7,,200,78.4,1,195,4600,4800,
2026-09-06T19:10:02+03:00,119.1,performance,manual,87.1,73.0,,86.6,72.5,,87.1,hp-vibrance-stx-n22x9-performance,cpu,78.3,46.7,,200,78.4,1,195,4600,4800,
2026-09-06T19:10:03+03:00,120.2,performance,manual,87.1,73.0,,86.6,72.5,,87.1,hp-vibrance-stx-n22x9-performance,cpu,78.3,46.7,,200,78.4,1,195,4600,4800,
2026-09-06T19:10:04+03:00,121.2,performance,manual,87.1,73.0,,86.7,72.6,,87.1,hp-vibrance-stx-n22x9-performance,cpu,78.3,46.7,,200,78.4,1,195,4600,4800,
2026-09-06T19:10:05+03:00,122.3,performance,manual,87.2,73.0,,86.7,72.6,,87.2,hp-vibrance-stx-n22x9-performance,cpu,78.3,46.7,,200,78.4,1,195,4600,4800,
2026-09-06T19:10:06+03:00,123.4,performance,manual,87.2,73.0,,86.8,72.6,,87.2,hp-vibrance-stx-n22x9-performance,cpu,78.3,46.7,,200,78.4,1,195,4600,4800,
2026-09-06T19:10:07+03:00,124.4,performance,manual,87.2,73.0,,86.8,72.7,,87.2,hp-vibrance-stx-n22x9-performance,cpu,78.3,46.7,,200,78.4,1,195,4600,4800,
2026-09-06T19:10:08+03:00,125.5,performance,manual,87.2,73.0,,86.9,72.7,,87.2,hp-vibrance-stx-n22x9-performance,cpu,78.3,46.7,,200,78.4,1,195,4600,4800,
2026-09-06T19:10:09+03:00,126.5,performance,manual,87.4,73.0,,86.9,72.7,,87.4,hp-vibrance-stx-n22x9-performance,cpu,78.3,46.7,,200,78.4,1,195,4600,4800,
2026-09-06T19:10:11+03:00,127.6,performance,manual,87.4,73.0,,87.0,72.8,,87.4,hp-vibrance-stx-n22x9-performance,cpu,78.3,46.7,,200,78.4,1,195,4600,4800,
2026-09-06T19:10:12+03:00,128.6,performance,manual,87.4,73.0,,87.0,72.8,,87.4,hp-vibrance-stx-n22x9-performance,cpu,78.3,46.7,,200,78.4,1,195,4600,4800,
2026-09-06T19:10:13+03:00,129.7,performance,manual,87.5,73.0,,87.1,72.8,,87.5,hp-vibrance-stx-n22x9-performance,cpu,78.3,46.7,,200,78.4,1,195,4600,4800,
2026-09-06T19:10:14+03:00,130.8,performance,manual,87.5,73.0,,87.1,72.8,,87.5,hp-vibrance-stx-n22x9-performance,cpu,78.3,46.7,,200,78.4,1,195,4600,4800,
2026-09-06T19:10:15+03:00,131.8,performance,manual,87.5,73.0,,87.1,72.8,,87.5,hp-vibrance-stx-n22x9-performance,cpu,78.3,46.7,,200,78.4,1,195,4600,4800,
2026-09-06T19:10:16+03:00,132.9,performance,manual,87.5,73.0,,87.2,72.9,,87.5,hp-vibrance-stx-n22x9-performance,cpu,78.3,46.7,,200,78.4,1,195,4600,4800,
2026-09-06T19:10:17+03:00,133.9,performance,manual,87.5,73.0,,87.2,72.9,,87.5,hp-vibrance-stx-n22x9-performance,cpu,78.3,46.7,,200,78.4,1,195,4600,4800,
2026-09-06T19:10:18+03:00,135.0,performance,manual,87.5,73.0,,87.2,72.9,,87.5,hp-vibrance-stx-n22x9-performance,cpu,78.3,46.7,,200,78.4,1,195,4600,4800,
2026-09-06T19:10:19+03:00,136.0,performance,manual,87.5,73.0,,87.3,72.9,,87.5,hp-vibrance-stx-n22x9-performance,cpu,78.3,46.7,,200,78.4,1,195,4600,4800,
2026-09-06T19:10:20+03:00,137.1,performance,manual,87.0,73.0,,87.3,72.9,,87.3,hp-vibrance-stx-n22x9-performance,cpu,78.3,46.7,,200,78.4,1,195,4600,4800,
2026-09-06T19:10:21+03:00,138.2,performance,manual,87.4,73.0,,87.3,72.9,,87.4,hp-vibrance-stx-n22x9-performance,cpu,78.3,46.7,,200,78.4,1,195,4600,4800,
2026-09-06T19:10:22+03:00,139.2,performance,manual,86.8,73.0,,87.2,72.9,,87.2,hp-vibrance-stx-n22x9-performance,cpu,78.3,46.7,,200,78.4,1,195,4600,4800,
2026-09-06T19:10:23+03:00,140.3,performance,manual,86.1,73.0,,87.2,72.9,,87.2,hp-vibrance-stx-n22x9-performance,cpu,78.3,46.7,,200,78.4,1,195,4600,4800,
2026-09-06T19:10:24+03:00,141.3,performance,manual,85.8,73.0,,87.1,72.9,,87.1,hp-vibrance-stx-n22x9-performance,cpu,78.3,46.7,,200,78.4,1,195,4600,4800,
2026-09-06T19:10:25+03:00,142.4,performance,manual,85.6,73.0,,87.0,72.9,,87.0,hp-vibrance-stx-n22x9-performance,cpu,78.3,46.7,,200,78.4,1,195,4600,4800,
2026-09-06T19:10:26+03:00,143.4,performance,manual,85.5,73.0,,87.0,73.0,,87.0,hp-vibrance-stx-n22x9-performance,cpu,78.3,46.7,,200,78.4,1,195,4600,4800,
2026-09-06T19:10:27+03:00,144.5,performance,manual,85.5,73.0,,86.9,73.0,,86.9,hp-vibrance-stx-n22x9-performance,cpu,78.3,46.7,,200,78.4,1,195,4600,4800,
2026-09-06T19:10:28+03:00,145.5,performance,manual,85.5,73.0,,86.8,73.0,,86.8,hp-vibrance-stx-n22x9-performance,cpu,78.3,46.7,,200,78.4,1,195,4600,4800,
2026-09-06T19:10:30+03:00,146.6,performance,manual,85.5,73.0,,86.8,73.0,,86.8,hp-vibrance-stx-n22x9-performance,cpu,78.3,46.7,,200,78.4,1,195,4600,4800,
2026-09-06T19:10:31+03:00,147.7,performance,manual,85.5,73.0,,86.7,73.0,,86.7,hp-vibrance-stx-n22x9-performance,cpu,78.3,46.7,,200,78.4,1,195,4600,4800,
2026-09-06T19:10:32+03:00,148.7,performance,manual,85.6,74.0,,86.6,73.1,,86.6,hp-vibrance-stx-n22x9-performance,cpu,78.3,46.7,,200,78.4,1,195,4600,4800,
2026-09-06T19:10:33+03:00,149.8,performance,manual,85.5,74.0,,86.6,73.2,,86.6,hp-vibrance-stx-n22x9-performance,cpu,78.3,46.7,,200,78.4,1,195,4600,4800,
2026-09-06T19:10:34+03:00,150.8,performance,manual,85.8,74.0,,86.5,73.2,,86.5,hp-vibrance-stx-n22x9-performance,cpu,78.3,46.7,,200,78.4,1,195,4600,4800,
2026-09-06T19:10:35+03:00,151.9,performance,manual,85.6,74.0,,86.5,73.3,,86.5,hp-vibrance-stx-n22x9-performance,cpu,78.3,46.7,,200,78.4,1,195,4600,4800,
2026-09-06T19:10:36+03:00,152.9,performance,manual,85.9,74.0,,86.5,73.4,,86.5,hp-vibrance-stx-n22x9-performance,cpu,78.3,46.7,,200,78.4,1,195,4600,4800,
2026-09-06T19:10:37+03:00,154.0,performance,manual,85.8,74.0,,86.4,73.5,,86.4,hp-vibrance-stx-n22x9-performance,cpu,78.3,46.7,,200,78.4,1,195,4600,4800,
2026-09-06T19:10:38+03:00,155.1,performance,manual,85.6,74.0,,86.4,73.5,,86.4,hp-vibrance-stx-n22x9-performance,cpu,78.3,46.7,,200,78.4,1,195,4600,4800,
2026-09-06T19:10:39+03:00,156.1,performance,manual,85.9,74.0,,86.4,73.6,,86.4,hp-vibrance-stx-n22x9-performance,cpu,78.3,46.7,,200,78.4,1,195,4600,4800,
2026-09-06T19:10:40+03:00,157.2,performance,manual,85.8,74.0,,86.3,73.6,,86.3,hp-vibrance-stx-n22x9-performance,cpu,78.3,46.7,,200,78.4,1,195,4600,4800,
2026-09-06T19:10:41+03:00,158.2,performance,manual,85.6,74.0,,86.3,73.6,,86.3,hp-vibrance-stx-n22x9-performance,cpu,78.3,46.7,,200,78.4,1,195,4600,4800,
2026-09-06T19:10:42+03:00,159.3,performance,manual,85.6,74.0,,86.3,73.7,,86.3,hp-vibrance-stx-n22x9-performance,cpu,78.3,46.7,,200,78.4,1,195,4600,4800,
2026-09-06T19:10:43+03:00,160.3,performance,manual,85.6,74.0,,86.2,73.7,,86.2,hp-vibrance-stx-n22x9-performance,cpu,78.3,46.7,,200,78.4,1,195,4600,4800,
2026-09-06T19:10:44+03:00,161.4,performance,manual,85.8,74.0,,86.2,73.7,,86.2,hp-vibrance-stx-n22x9-performance,cpu,78.3,46.7,,200,78.4,1,195,4600,4800,
2026-09-06T19:10:45+03:00,162.5,performance,manual,85.6,74.0,,86.2,73.8,,86.2,hp-vibrance-stx-n22x9-performance,cpu,78.3,46.7,,200,78.4,1,195,4600,4800,
2026-09-06T19:10:46+03:00,163.5,performance,manual,85.8,74.0,,86.2,73.8,,86.2,hp-vibrance-stx-n22x9-performance,cpu,78.3,46.7,,200,78.4,1,195,4600,4800,
2026-09-06T19:10:48+03:00,164.6,performance,manual,85.8,74.0,,86.1,73.8,,86.1,hp-vibrance-stx-n22x9-performance,cpu,78.3,46.7,,200,78.4,1,195,4600,4800,
2026-09-06T19:10:49+03:00,165.7,performance,manual,86.4,74.0,,86.2,73.8,,86.4,hp-vibrance-stx-n22x9-performance,cpu,78.3,46.7,,200,78.4,1,195,4600,4800,
2026-09-06T19:10:50+03:00,166.7,performance,manual,81.0,61.0,,85.9,73.2,,85.9,hp-vibrance-stx-n22x9-performance,cpu,78.3,46.7,,200,78.4,1,195,4600,4800,
2026-09-06T19:10:51+03:00,167.8,performance,manual,73.6,61.0,,85.3,72.6,,85.3,hp-vibrance-stx-n22x9-performance,cpu,78.3,46.7,,200,78.4,1,195,4600,4800,
2026-09-06T19:10:52+03:00,168.8,performance,manual,69.1,60.0,,84.5,71.9,,84.5,hp-vibrance-stx-n22x9-performance,cpu,78.3,46.7,,200,78.4,1,195,4600,4800,
2026-09-06T19:10:53+03:00,169.9,performance,manual,65.9,59.0,,83.5,71.3,,83.5,hp-vibrance-stx-n22x9-performance,cpu,78.3,46.7,,200,78.4,1,195,4600,4800,
2026-09-06T19:10:54+03:00,171.0,performance,manual,63.8,58.0,,82.6,70.6,,82.6,hp-vibrance-stx-n22x9-performance,cpu,78.3,46.7,,200,78.4,1,195,4600,4800,
2026-09-06T19:10:55+03:00,172.0,performance,manual,62.2,58.0,,81.5,70.0,,81.5,hp-vibrance-stx-n22x9-performance,cpu,78.3,46.7,,200,78.4,1,195,4600,4800,
2026-09-06T19:10:56+03:00,173.1,performance,manual,61.1,57.0,,80.5,69.4,,80.5,hp-vibrance-stx-n22x9-performance,cpu,71.7,46.7,,200,78.4,1,195,4600,4800,
2026-09-06T19:10:57+03:00,174.1,performance,manual,60.6,57.0,,79.5,68.7,,79.5,hp-vibrance-stx-n22x9-performance,cpu,61.7,41.7,,200,78.4,1,195,4600,4800,
2026-09-06T19:10:58+03:00,175.2,performance,manual,59.9,56.0,,78.5,68.1,,78.5,hp-vibrance-stx-n22x9-performance,cpu,56.7,41.7,,180,70.6,1,195,4600,4800,
2026-09-06T19:10:59+03:00,176.3,performance,manual,59.1,56.0,,77.6,67.5,,77.6,hp-vibrance-stx-n22x9-performance,cpu,51.7,41.7,,180,70.6,1,187,4400,4600,
2026-09-06T19:11:00+03:00,177.4,performance,manual,58.8,55.0,,76.6,66.9,,76.6,hp-vibrance-stx-n22x9-performance,cpu,51.7,38.3,,180,70.6,1,174,4100,4300,
2026-09-06T19:11:01+03:00,178.4,performance,manual,58.1,55.0,,75.7,66.3,,75.7,hp-vibrance-stx-n22x9-performance,cpu,46.7,38.3,,180,70.6,1,174,4100,4300,
2026-09-06T19:11:02+03:00,179.5,performance,manual,57.9,54.0,,74.8,65.7,,74.8,hp-vibrance-stx-n22x9-performance,cpu,46.7,38.3,,180,70.6,1,174,4100,4300,
2026-09-06T19:11:04+03:00,180.6,performance,manual,57.4,54.0,,73.9,65.1,,73.9,hp-vibrance-stx-n22x9-performance,cpu,41.7,38.3,,160,62.7,1,174,4100,4300,
2026-09-06T19:11:05+03:00,181.6,performance,manual,56.9,54.0,,73.1,64.5,,73.1,hp-vibrance-stx-n22x9-performance,cpu,41.7,38.3,,160,62.7,1,165,3900,4000,
2026-09-06T19:11:06+03:00,182.7,performance,manual,56.5,53.0,,72.3,63.9,,72.3,hp-vibrance-stx-n22x9-performance,cpu,41.7,36.7,,160,62.7,1,153,3600,3800,
2026-09-06T19:11:07+03:00,183.8,performance,manual,56.6,53.0,,71.5,63.4,,71.5,hp-vibrance-stx-n22x9-performance,cpu,38.3,36.7,,160,62.7,1,153,3600,3800,
2026-09-06T19:11:08+03:00,184.8,performance,manual,56.2,53.0,,70.7,62.9,,70.7,hp-vibrance-stx-n22x9-performance,cpu,38.3,36.7,,160,62.7,1,153,3600,3800,
2026-09-06T19:11:09+03:00,185.9,performance,manual,55.9,53.0,,70.0,62.4,,70.0,hp-vibrance-stx-n22x9-performance,cpu,36.7,36.7,,140,54.9,1,153,3600,3800,
2026-09-06T19:11:10+03:00,187.0,performance,manual,56.0,52.0,,69.3,61.9,,69.3,hp-vibrance-stx-n22x9-performance,cpu,36.7,36.7,,140,54.9,1,140,3300,3500,
2026-09-06T19:11:11+03:00,188.0,performance,manual,55.5,52.0,,68.6,61.4,,68.6,hp-vibrance-stx-n22x9-performance,cpu,36.7,36.7,,140,54.9,1,136,3200,3400,
2026-09-06T19:11:12+03:00,189.1,performance,manual,55.4,52.0,,67.9,60.9,,67.9,hp-vibrance-stx-n22x9-performance,cpu,36.7,35.0,,140,54.9,1,136,3200,3400,
2026-09-06T19:11:13+03:00,190.2,performance,manual,54.9,52.0,,67.3,60.5,,67.3,hp-vibrance-stx-n22x9-performance,cpu,36.7,35.0,,140,54.9,1,136,3200,3400,
2026-09-06T19:11:14+03:00,191.2,performance,manual,54.5,51.0,,66.6,60.0,,66.6,hp-vibrance-stx-n22x9-performance,cpu,35.0,35.0,,120,47.1,1,136,3200,3400,
2026-09-06T19:11:15+03:00,192.3,performance,manual,54.1,51.0,,66.0,59.5,,66.0,hp-vibrance-stx-n22x9-performance,cpu,35.0,35.0,,120,47.1,1,127,3000,3100,
2026-09-06T19:11:16+03:00,193.4,performance,manual,54.0,51.0,,65.4,59.1,,65.4,hp-vibrance-stx-n22x9-performance,cpu,35.0,35.0,,120,47.1,1,119,2800,3000,
2026-09-06T19:11:17+03:00,194.4,performance,manual,54.0,51.0,,64.8,58.7,,64.8,hp-vibrance-stx-n22x9-performance,cpu,35.0,35.0,,120,47.1,1,119,2800,3000,
2026-09-06T19:11:18+03:00,195.5,performance,manual,53.6,51.0,,64.3,58.3,,64.3,hp-vibrance-stx-n22x9-performance,cpu,35.0,35.0,,120,47.1,1,119,2800,3000,
2026-09-06T19:11:20+03:00,196.6,performance,manual,53.4,50.0,,63.7,57.9,,63.7,hp-vibrance-stx-n22x9-performance,cpu,33.3,33.3,,100,39.2,1,119,2800,3000,
2026-09-06T19:11:21+03:00,197.6,performance,manual,53.0,50.0,,63.2,57.5,,63.2,hp-vibrance-stx-n22x9-performance,cpu,33.3,33.3,,100,39.2,1,106,2500,2700,
2026-09-06T19:11:22+03:00,198.7,performance,manual,52.9,50.0,,62.7,57.1,,62.7,hp-vibrance-stx-n22x9-performance,cpu,33.3,33.3,,100,39.2,1,93,2200,2400,
2026-09-06T19:11:23+03:00,199.8,performance,manual,52.9,50.0,,62.2,56.8,,62.2,hp-vibrance-stx-n22x9-performance,cpu,33.3,33.3,,100,39.2,1,93,2200,2400,
2026-09-06T19:11:24+03:00,200.8,performance,manual,52.8,50.0,,61.7,56.4,,61.7,hp-vibrance-stx-n22x9-performance,cpu,33.3,33.3,,100,39.2,1,93,2200,2400,
2026-09-06T19:11:25+03:00,201.9,performance,manual,52.5,50.0,,61.3,56.1,,61.3,hp-vibrance-stx-n22x9-performance,cpu,33.3,33.3,,85,33.3,1,93,2200,2400,
2026-09-06T19:11:26+03:00,203.0,performance,manual,52.2,50.0,,60.8,55.8,,60.8,hp-vibrance-stx-n22x9-performance,cpu,33.3,33.3,,85,33.3,1,85,2000,2200,
2026-09-06T19:11:27+03:00,204.0,performance,manual,52.1,49.0,,60.4,55.5,,60.4,hp-vibrance-stx-n22x9-performance,cpu,33.3,33.3,,85,33.3,1,85,2000,2200,
2026-09-06T19:11:28+03:00,205.1,performance,manual,52.0,49.0,,60.0,55.1,,60.0,hp-vibrance-stx-n22x9-performance,gpu,31.7,33.3,,85,33.3,1,85,2000,2200,
2026-09-06T19:11:29+03:00,206.2,performance,manual,51.8,49.0,,59.5,54.8,,59.5,hp-vibrance-stx-n22x9-performance,cpu,31.7,31.7,,85,33.3,1,85,2000,2200,
2026-09-06T19:11:30+03:00,207.3,performance,manual,51.8,49.0,,59.2,54.5,,59.2,hp-vibrance-stx-n22x9-performance,cpu,31.7,31.7,,81,31.8,1,85,2000,2200,
2026-09-06T19:11:31+03:00,208.3,performance,manual,51.5,49.0,,58.8,54.3,,58.8,hp-vibrance-stx-n22x9-performance,cpu,31.7,31.7,,81,31.8,1,72,1700,2000,
2026-09-06T19:11:32+03:00,209.4,performance,manual,51.5,49.0,,58.4,54.0,,58.4,hp-vibrance-stx-n22x9-performance,cpu,31.7,31.7,,81,31.8,1,76,1800,2000,
2026-09-06T19:11:33+03:00,210.4,performance,manual,51.6,49.0,,58.1,53.8,,58.1,hp-vibrance-stx-n22x9-performance,cpu,31.7,31.7,,81,31.8,1,76,1800,2000,
2026-09-06T19:11:34+03:00,211.5,performance,manual,51.5,49.0,,57.7,53.5,,57.7,hp-vibrance-stx-n22x9-performance,cpu,31.7,31.7,,81,31.8,1,76,1800,2000,
2026-09-06T19:11:35+03:00,212.6,performance,manual,51.2,49.0,,57.4,53.3,,57.4,hp-vibrance-stx-n22x9-performance,cpu,31.7,31.7,,81,31.8,1,76,1800,2000,
2026-09-06T19:11:37+03:00,213.6,performance,manual,51.2,49.0,,57.1,53.1,,57.1,hp-vibrance-stx-n22x9-performance,cpu,31.7,31.7,,81,31.8,1,76,1800,2000,
2026-09-06T19:11:38+03:00,214.7,performance,manual,51.1,48.0,,56.8,52.8,,56.8,hp-vibrance-stx-n22x9-performance,cpu,31.7,31.7,,81,31.8,1,76,1800,2000,
2026-09-06T19:11:39+03:00,215.8,performance,manual,51.1,48.0,,56.5,52.6,,56.5,hp-vibrance-stx-n22x9-performance,cpu,31.7,31.7,,81,31.8,1,76,1800,2000,
2026-09-06T19:11:40+03:00,216.9,performance,manual,51.1,48.0,,56.3,52.4,,56.3,hp-vibrance-stx-n22x9-performance,cpu,31.7,31.7,,81,31.8,1,76,1800,2000,
2026-09-06T19:11:41+03:00,217.9,performance,manual,50.9,48.0,,56.0,52.1,,56.0,hp-vibrance-stx-n22x9-performance,cpu,31.7,31.7,,81,31.8,1,76,1800,2000,
2026-09-06T19:11:42+03:00,219.0,performance,manual,50.8,48.0,,55.7,51.9,,55.7,hp-vibrance-stx-n22x9-performance,cpu,31.7,31.7,,81,31.8,1,76,1800,2000,
2026-09-06T19:11:43+03:00,220.0,performance,manual,50.6,48.0,,55.5,51.7,,55.5,hp-vibrance-stx-n22x9-performance,cpu,31.7,31.7,,81,31.8,1,76,1800,2000,
2026-09-06T19:11:44+03:00,221.1,performance,manual,51.5,48.0,,55.3,51.5,,55.3,hp-vibrance-stx-n22x9-performance,cpu,31.7,31.7,,81,31.8,1,76,1800,2000,
2026-09-06T19:11:45+03:00,222.2,performance,manual,51.0,48.0,,55.1,51.4,,55.1,hp-vibrance-stx-n22x9-performance,cpu,31.7,31.7,,81,31.8,1,76,1800,2000,
2026-09-06T19:11:46+03:00,223.2,performance,manual,50.8,48.0,,54.8,51.2,,54.8,hp-vibrance-stx-n22x9-performance,cpu,31.7,31.7,,81,31.8,1,76,1800,2000,
2026-09-06T19:11:47+03:00,224.3,performance,manual,50.4,48.0,,54.6,51.0,,54.6,hp-vibrance-stx-n22x9-performance,cpu,31.7,31.7,,81,31.8,1,76,1800,2000,
2026-09-06T19:11:48+03:00,225.3,performance,manual,50.2,48.0,,54.4,50.9,,54.4,hp-vibrance-stx-n22x9-performance,cpu,31.7,31.7,,81,31.8,1,76,1800,2000,
2026-09-06T19:11:49+03:00,226.4,performance,manual,50.2,48.0,,54.2,50.7,,54.2,hp-vibrance-stx-n22x9-performance,cpu,31.7,31.7,,81,31.8,1,76,1800,2000,
2026-09-06T19:11:50+03:00,227.5,performance,manual,50.2,48.0,,54.0,50.6,,54.0,hp-vibrance-stx-n22x9-performance,cpu,31.7,31.7,,81,31.8,1,76,1800,2000,
2026-09-06T19:11:51+03:00,228.5,performance,manual,50.0,47.0,,53.8,50.4,,53.8,hp-vibrance-stx-n22x9-performance,cpu,31.7,31.7,,81,31.8,1,76,1800,2000,
2026-09-06T19:11:52+03:00,229.6,performance,manual,49.9,47.0,,53.6,50.3,,53.6,hp-vibrance-stx-n22x9-performance,cpu,31.7,31.7,,81,31.8,1,76,1800,2000,
2026-09-06T19:11:54+03:00,230.6,performance,manual,49.9,47.0,,53.4,50.1,,53.4,hp-vibrance-stx-n22x9-performance,cpu,31.7,31.7,,81,31.8,1,76,1800,2000,
2026-09-06T19:11:55+03:00,231.7,performance,manual,49.9,47.0,,53.2,49.9,,53.2,hp-vibrance-stx-n22x9-performance,cpu,31.7,31.7,,81,31.8,1,76,1800,2000,
2026-09-06T19:11:56+03:00,232.8,performance,manual,49.9,47.0,,53.1,49.8,,53.1,hp-vibrance-stx-n22x9-performance,cpu,31.7,31.7,,81,31.8,1,76,1800,2000,
2026-09-06T19:11:57+03:00,233.8,performance,manual,49.6,47.0,,52.9,49.7,,52.9,hp-vibrance-stx-n22x9-performance,cpu,31.7,31.7,,81,31.8,1,76,1800,2000,
2026-09-06T19:11:58+03:00,234.9,performance,manual,49.6,47.0,,52.7,49.5,,52.7,hp-vibrance-stx-n22x9-performance,cpu,31.7,31.7,,81,31.8,1,76,1800,2000,
2026-09-06T19:11:59+03:00,235.9,performance,manual,51.0,47.0,,52.6,49.4,,52.6,hp-vibrance-stx-n22x9-performance,cpu,31.7,31.7,,81,31.8,1,76,1800,2000,
2026-09-06T19:12:00+03:00,237.0,performance,manual,50.9,47.0,,52.6,49.3,,52.6,hp-vibrance-stx-n22x9-performance,cpu,31.7,31.7,,81,31.8,1,76,1800,2000,
2026-09-06T19:12:01+03:00,238.1,performance,manual,50.4,47.0,,52.4,49.2,,52.4,hp-vibrance-stx-n22x9-performance,cpu,31.7,31.7,,81,31.8,1,76,1800,2000,
2026-09-06T19:12:02+03:00,239.1,performance,manual,49.9,47.0,,52.3,49.1,,52.3,hp-vibrance-stx-n22x9-performance,cpu,31.7,31.7,,81,31.8,1,76,1800,2000,
